mean_ENMO,sd_ENMO,median_ENMO,mad_ENMO,min_ENMO,max_ENMO,range_ENMO,dom_freq,spectral_entropy,energy_band_1,energy_band_2,energy_band_3,zero_crossing_rate,window_id,start_time,end_time
-0.0175992702506255,0.0165304008543321,-0.0169972869252942,0.00286266917227099,-0.19836247476694,0.0613364442806217,0.259698919047562,10.1351351351351,4.12929375078377,0.00943850430806178,0.068368364850213,0.358778594548862,0.406666666666667,1,2024-09-19T13:39:00Z,2024-09-19T13:39:04.966667Z
-0.0165150148362275,0.00288733947347693,-0.0165372411947941,0.00291750112647672,-0.0242745348075222,-0.00870755294962522,0.015566981857897,3.24324324324324,3.60107060047989,0.0813422122142995,0.228589319450614,0.660046772755517,0.333333333333333,2,2024-09-19T13:39:05Z,2024-09-19T13:39:09.966667Z
-0.00881876249638579,0.119789310943287,-0.0138144846701957,0.0126863998783139,-0.324544806510959,0.468997483018738,0.793542289529697,1.01351351351351,3.27435216426038,0.0351513902742045,0.660451082441563,0.298826965529808,0.213333333333333,3,2024-09-19T13:39:28Z,2024-09-19T13:39:32.966667Z
-0.0130092485823654,0.00398532862377863,-0.0126130370684365,0.00460489730763854,-0.023244437759762,-0.00482306894492524,0.0184213688148368,6.08108108108108,3.28420822060225,0.049734847420518,0.23478841174061,0.697071561270579,0.333333333333333,4,2024-09-19T13:39:33Z,2024-09-19T13:39:37.966667Z
-0.00752437642925298,0.107393015771773,-0.0126583540736271,0.0060256616204495,-0.468170856771528,0.505294576507995,0.973465433279523,4.45945945945946,3.47902978446748,0.0355825541589021,0.331038900072815,0.627814668175478,0.153333333333333,5,2024-09-19T13:39:38Z,2024-09-19T13:40:11.966667Z
-0.0124726482705103,0.0077477105712643,-0.0120774186467551,0.00334199327449606,-0.0569200016231355,0.031332833248463,0.0882528348715985,2.22972972972973,3.7071007643728,0.00753000161521599,0.261049549556293,0.660166816123859,0.373333333333333,6,2024-09-19T13:40:12Z,2024-09-19T13:40:16.966667Z
-0.011845773851509,0.00264907245097441,-0.0117662012900063,0.00291015641697092,-0.0189773140414674,-0.0067847475169357,0.0121925665245317,2.02702702702703,3.4955674508103,0.116538580342191,0.282989558476475,0.57489773095213,0.326666666666667,7,2024-09-19T13:40:17Z,2024-09-19T13:40:21.966667Z
-0.0100177666087078,0.101851392720257,-0.0143198801452653,0.0100405507770127,-0.337096898449211,0.348382304017671,0.685479202466882,0.810810810810811,3.0894445382173,0.0615682801389192,0.672743422207384,0.26165808316938,0.106666666666667,8,2024-09-19T13:40:22Z,2024-09-19T13:40:44.966667Z
-0.0163554628699709,0.003380364981616,-0.0160229972798491,0.00363061323868956,-0.0245529319110692,-0.00791856747521502,0.0166343644358542,8.10810810810811,3.28592266720188,0.0302609116985761,0.186552091019899,0.774618693248482,0.34,9,2024-09-19T13:40:45Z,2024-09-19T13:40:49.966667Z
-0.00867685069827143,0.0898965908445273,-0.0152029164780934,0.00671798809972174,-0.34917688859735,0.437640375969368,0.786817264566718,0.810810810810811,3.3723854856342,0.0601140007540071,0.414284674678689,0.521763799486791,0.12,10,2024-09-19T13:40:50Z,2024-09-19T13:42:01.966667Z
-0.0108892675642711,0.0324918584238279,-0.013164354509709,0.00444609307483317,-0.22775907254,0.123033293088487,0.350792365628487,3.64864864864865,3.30474926712032,0.0172664675022504,0.187338500004387,0.789695002941369,0.206666666666667,11,2024-09-19T13:42:02Z,2024-09-19T13:42:06.966667Z
-0.0121651545021171,0.00275894986345405,-0.0124041788775931,0.00275301984756944,-0.0175911025567937,-0.00433089206370108,0.0132602104930926,0.405405405405405,3.47942973324971,0.192631275892076,0.20305348202059,0.529242588612074,0.28,12,2024-09-19T13:42:07Z,2024-09-19T13:42:11.966667Z
-0.0127870027353715,0.00212770998221906,-0.0126788608934102,0.00214851938798212,-0.0180074797686448,-0.00704682509653998,0.0109606546721048,4.05405405405405,3.46400264805135,0.0346471208237578,0.227750814745339,0.702885739726504,0.373333333333333,13,2024-09-19T13:42:12Z,2024-09-19T13:42:16.966667Z
-0.0132268346478973,0.0948751002097883,-0.0127500788313838,0.00380418101425167,-0.3678659844082,0.372832549612672,0.740698534020872,1.01351351351351,2.59110372452413,0.0932763135779212,0.803038519452148,0.102083607884775,0.326666666666667,14,2024-09-19T13:42:17Z,2024-09-19T13:45:00.966667Z
-0.00534251634767452,0.0852115888540206,-0.0147881501814084,0.0106591546001858,-0.246486262154727,0.646843813541027,0.893330075695754,3.04054054054054,3.59166779973985,0.0627298296678467,0.476288256997709,0.442000734763876,0.18,15,2024-09-19T13:45:01Z,2024-09-19T13:45:05.966667Z
-0.0133239906692964,0.00363191034477572,-0.012783174473641,0.00405724945105228,-0.0231135072463559,-0.00562440079602067,0.0174891064503352,6.08108108108108,3.30803219791377,0.0540994999855356,0.172505878742864,0.739526584674949,0.353333333333333,16,2024-09-19T13:45:06Z,2024-09-19T13:45:10.966667Z
-0.0132431750893084,0.00361485347882146,-0.0130897322594396,0.00371604228774423,-0.0259413495192549,-0.00359800675069977,0.0223433427685551,4.05405405405405,3.3286445600751,0.0311266916156731,0.165786012233958,0.755906583078995,0.313333333333333,17,2024-09-19T13:45:11Z,2024-09-19T13:45:15.966667Z
-0.013052039683126,0.00316062575311198,-0.0131641445573876,0.00288800563442596,-0.0226426301956916,-0.00488959743898265,0.017753032756709,4.05405405405405,3.49844584126427,0.0461776859863615,0.148052850017853,0.763030226346313,0.373333333333333,18,2024-09-19T13:45:16Z,2024-09-19T13:45:20.966667Z
-0.0139867541508165,0.00340120047780852,-0.013753557259377,0.00334891381653885,-0.0215213180738347,-0.00543602087695871,0.016085297196876,6.08108108108108,3.63567813669652,0.089721870370164,0.186249536824705,0.69322623510219,0.26,19,2024-09-19T13:45:21Z,2024-09-19T13:45:25.966667Z
0.0202479929525616,0.261361390248741,-0.0138255588156308,0.0609074795996238,-0.521598454920714,1.17281634340903,1.69441479832974,1.82432432432432,2.58231493817568,0.0186869836029462,0.698902774667328,0.263813789096714,0.113333333333333,20,2024-09-19T13:45:26Z,2024-09-19T13:49:02.966667Z
0.052202144560378,0.426579988332599,0.00927957907560018,0.559120859071898,-0.661012975199411,0.95016554523411,1.61117852043352,2.02702702702703,1.51902640545639,0.00219976615265356,0.795413881191973,0.197256715129577,0.186666666666667,21,2024-09-19T13:49:03Z,2024-09-19T13:49:07.966667Z
0.0331015169538978,0.367698021311644,-0.0164442502912501,0.463947409362506,-0.580077139121344,0.822294583947473,1.40237172306882,2.02702702702703,1.59598566453383,0.000120899132885866,0.73113353056947,0.253432204428575,0.193333333333333,22,2024-09-19T13:49:08Z,2024-09-19T13:49:12.966667Z
0.0304427446238349,0.346579385016859,-0.00931909654823834,0.422796612064026,-0.558881954941491,0.89766745755526,1.45654941249675,2.02702702702703,1.34561581488111,0.000474557609859139,0.722016771996237,0.272238908961308,0.2,23,2024-09-19T13:49:13Z,2024-09-19T13:49:17.966667Z
0.0302282986471152,0.332421743083832,-0.000925334297572355,0.41608131788855,-0.537889471018425,0.811392652349504,1.34928212336793,2.02702702702703,1.57436699772368,0.00034608557548288,0.700342879349429,0.2932982453776,0.18,24,2024-09-19T13:49:18Z,2024-09-19T13:49:22.966667Z
0.0205790047318438,0.350141642806541,-0.0202849817485826,0.386639672907965,-0.562961664801268,1.01351895683065,1.57648062163192,2.02702702702703,2.14448503709798,0.00743536378792232,0.674403929674956,0.310831292329703,0.206666666666667,25,2024-09-19T13:49:23Z,2024-09-19T13:49:27.966667Z
0.0380700354965436,0.335770373247511,-0.0408775100070127,0.333623346809894,-0.542264252195148,0.974532925187263,1.51679717738241,2.02702702702703,2.21322687532884,0.00345190454944931,0.640420045131237,0.349309537012561,0.22,26,2024-09-19T13:49:28Z,2024-09-19T13:49:32.966667Z
0.0280053619270046,0.350344484070855,-0.00898398947445532,0.416460940403108,-0.594844008644411,0.971056559625079,1.56590056826949,2.02702702702703,1.75328856313548,0.000207045278415537,0.671355833196947,0.324817073032752,0.18,27,2024-09-19T13:49:33Z,2024-09-19T13:49:37.966667Z
0.0376890652489954,0.321497279748962,0.00280375233098623,0.366230634730867,-0.555445538021678,0.98158686817797,1.53703240619965,2.02702702702703,2.42220841713028,0.00612460314978224,0.617098677090303,0.371727003403108,0.2,28,2024-09-19T13:49:38Z,2024-09-19T13:49:42.966667Z
0.02258027673505,0.327876761871803,-0.0280205642428353,0.414792137476633,-0.598590654344597,0.774378472090757,1.37296912643535,2.02702702702703,1.69167290874347,0.000289040803648924,0.736641703838687,0.255574045152425,0.193333333333333,29,2024-09-19T13:49:43Z,2024-09-19T13:49:47.966667Z
0.0218205638755606,0.31444936640755,-0.0130378476751836,0.396723026501901,-0.521372710403413,0.792406232758131,1.31377894316154,2.02702702702703,1.81747737031683,0.00102407424358886,0.676294160372187,0.318502816569989,0.2,30,2024-09-19T13:49:48Z,2024-09-19T13:49:52.966667Z
0.0221772548707572,0.303962828845534,-0.0293655181750671,0.37691512354109,-0.486067531427728,0.744781904683751,1.23084943611148,2.02702702702703,1.71427180116541,0.000684303269937131,0.693410814558695,0.300553335050493,0.2,31,2024-09-19T13:49:53Z,2024-09-19T13:49:57.966667Z
0.0336362236604374,0.273108024039679,-0.0225610751483334,0.272608904878611,-0.474582447930024,0.706320179646651,1.18090262757668,2.02702702702703,2.89973250496755,0.00553011026222892,0.680177789471542,0.305204964575663,0.206666666666667,32,2024-09-19T13:49:58Z,2024-09-19T13:50:02.966667Z
0.0343747726164336,0.30951978123433,-0.0175447078943168,0.414471601837326,-0.521346582108541,0.668204646032775,1.18955122814132,2.02702702702703,1.86260898363356,0.00157757285544265,0.731445291550839,0.259894308303434,0.193333333333333,33,2024-09-19T13:50:03Z,2024-09-19T13:50:07.966667Z
0.032681907657474,0.364485936238533,-0.0263404208853767,0.459060687859127,-0.622541315430551,0.841261068083754,1.46380238351431,2.02702702702703,1.32045672479501,0.000100465073950672,0.723582145111199,0.270276873875305,0.2,34,2024-09-19T13:50:08Z,2024-09-19T13:50:12.966667Z
0.0276332943331736,0.330546774572773,-0.0116056961456227,0.378549492004236,-0.518358473989626,0.86213342574413,1.38049189973376,2.02702702702703,1.85891829811059,5.35571534575382e-05,0.706647298017002,0.289073557461222,0.186666666666667,35,2024-09-19T13:50:13Z,2024-09-19T13:50:17.966667Z
0.0305688566004427,0.333903798638439,-0.0259150247490712,0.418512945717349,-0.531802433334975,0.782709105370913,1.31451153870589,2.02702702702703,1.88722968842415,0.000541718271035345,0.689218659118967,0.302871946217862,0.186666666666667,36,2024-09-19T13:50:18Z,2024-09-19T13:50:22.966667Z
0.0185760922603474,0.373011165692502,-0.0183800200076399,0.436872450537518,-0.601885451719745,1.04887320989951,1.65075866161926,2.02702702702703,2.3042468933302,0.00538964075864433,0.699777684601005,0.283502712818415,0.193333333333333,37,2024-09-19T13:50:23Z,2024-09-19T13:50:27.966667Z
0.0481314103323242,0.30883535710777,-0.0331062924591918,0.313810119274714,-0.517908525067824,0.845634192967823,1.36354271803565,1.82432432432432,2.88897285972558,0.0133637740620879,0.644495585867866,0.331693024287442,0.22,38,2024-09-19T13:50:28Z,2024-09-19T13:50:32.966667Z
0.0196469371655566,0.342059090064511,-0.0565154657254784,0.386791421032367,-0.589359496260831,1.08424121375712,1.67360071001795,2.02702702702703,2.01301897414165,0.00105168798295956,0.701477418015554,0.289999101285928,0.186666666666667,39,2024-09-19T13:50:33Z,2024-09-19T13:50:37.966667Z
0.0328401644319895,0.362894509679284,-0.0177145503160669,0.441990837139459,-0.658315638952553,1.12632118595031,1.78463682490286,2.02702702702703,1.6525049994998,0.000349646479954987,0.643439726418858,0.352289801817605,0.2,40,2024-09-19T13:50:38Z,2024-09-19T13:50:42.966667Z
0.0324963235862103,0.393068244415929,-0.0367052299569825,0.476755641530304,-0.66773173336815,1.07145943294326,1.73919116631141,2.02702702702703,1.42950586098626,0.000219016573606414,0.748512333548209,0.246292555106099,0.173333333333333,41,2024-09-19T13:50:43Z,2024-09-19T13:50:47.966667Z
0.0268990017584719,0.358097367651999,-0.0280676136810668,0.450277585927457,-0.614177799094532,0.86803813859707,1.4822159376916,2.02702702702703,1.55371364996709,8.67929347093897e-05,0.706171733505819,0.290826501971415,0.2,42,2024-09-19T13:50:48Z,2024-09-19T13:50:52.966667Z
0.02331098643427,0.332637381973489,-0.0456191348071528,0.419548411212809,-0.51282771357962,0.78093169101589,1.29375940459551,2.02702702702703,1.751485162892,0.000269533084987522,0.697297874047956,0.298121168430547,0.193333333333333,43,2024-09-19T13:50:53Z,2024-09-19T13:50:57.966667Z
0.0501880929624009,0.316472657938161,-0.0157672621688215,0.311683355786664,-0.573480041684745,0.936570944519077,1.51005098620382,2.02702702702703,2.89151454012142,0.00570104434319559,0.682933607360712,0.30421415802419,0.18,44,2024-09-19T13:50:58Z,2024-09-19T13:51:02.966667Z
0.0261223000120674,0.350753017442336,-0.0473516386872076,0.413726000548115,-0.528955887775261,0.916471815213187,1.44542770298845,2.02702702702703,1.64095850030397,0.000236516475912085,0.677495819400383,0.319099522492645,0.186666666666667,45,2024-09-19T13:51:03Z,2024-09-19T13:51:07.966667Z
0.0346589115563313,0.358295238819364,-0.0190587011284394,0.468195762814816,-0.582512907322566,0.771149476437933,1.3536623837605,2.02702702702703,1.41464344435342,0.000484432148271771,0.749397302343446,0.241998652866483,0.193333333333333,46,2024-09-19T13:51:08Z,2024-09-19T13:51:12.966667Z
0.0216383362958632,0.32646862518555,-0.0195924349414123,0.413595290491158,-0.523057471426687,0.804254951920651,1.32731242334734,2.02702702702703,2.00421367793719,0.00223557113415939,0.731474567368561,0.257008855373675,0.193333333333333,47,2024-09-19T13:51:13Z,2024-09-19T13:51:17.966667Z
0.0243767684907496,0.315644105119174,-0.0354495657801993,0.402502856470648,-0.502144405954257,0.831522323040322,1.33366672899458,2.02702702702703,2.2642476656183,2.87100682757965e-05,0.633603416455237,0.362559723744006,0.193333333333333,48,2024-09-19T13:51:18Z,2024-09-19T13:51:22.966667Z
0.0427543677863613,0.361049997213152,-0.00781700485505427,0.422183213024285,-0.534604113918582,1.00111897250502,1.5357230864236,2.02702702702703,2.46549221514677,0.00639740886892122,0.670114963996659,0.318414531554901,0.193333333333333,49,2024-09-19T13:51:23Z,2024-09-19T13:51:27.966667Z
0.0187114724097059,0.320925713063801,-0.0463445260148738,0.311496004749799,-0.565908068878956,0.901229847841035,1.46713791671999,2.02702702702703,2.62825714781518,0.00406854493416702,0.70342249158083,0.287586821029486,0.2,50,2024-09-19T13:51:28Z,2024-09-19T13:51:32.966667Z
0.032927547638975,0.320071287173482,-0.00529746327428227,0.349317574308605,-0.557840510473243,1.10177398839152,1.65961449886476,2.02702702702703,2.21716350652279,0.00251503326825664,0.65167285652747,0.33972986369131,0.226666666666667,51,2024-09-19T13:51:33Z,2024-09-19T13:51:37.966667Z
0.0248028668766193,0.335401483991341,-0.029969395527022,0.412688870807566,-0.555437563669257,0.846904957879582,1.40234252154884,2.02702702702703,1.77343097871306,0.000489483669292978,0.767958694947814,0.222612970164955,0.16,52,2024-09-19T13:51:38Z,2024-09-19T13:51:42.966667Z
0.0271160698884846,0.331727276141159,-0.0165280774091615,0.417405253609981,-0.538914377605522,0.847591832701611,1.38650621030713,2.02702702702703,2.10042685277927,0.000361928230613037,0.739689186010248,0.254864160664658,0.186666666666667,53,2024-09-19T13:51:43Z,2024-09-19T13:51:47.966667Z
0.019205851705386,0.330925929762159,-0.0337188818998878,0.439639947238107,-0.560401265205554,0.741441507721166,1.30184277292672,2.02702702702703,1.72573853913062,0.00227795531586246,0.723215240862453,0.270723475142392,0.2,54,2024-09-19T13:51:48Z,2024-09-19T13:51:52.966667Z
0.0323356475566884,0.327315324019817,-0.0131155083381683,0.38709379019801,-0.539887919294586,0.919668097131501,1.45955601642609,2.02702702702703,2.24868728800769,0.00106069997331584,0.634088866669995,0.354931037245057,0.193333333333333,55,2024-09-19T13:51:53Z,2024-09-19T13:51:57.966667Z
0.00476077940789644,0.20852209145186,-0.0165174106074643,0.0440089165842802,-0.453601157457599,0.875342874090045,1.32894403154764,1.82432432432432,2.90768761550261,0.0125828716694905,0.574108761186566,0.404725854843675,0.146666666666667,56,2024-09-19T13:51:58Z,2024-09-19T13:52:02.966667Z
-0.0147347085048824,0.00456004845766725,-0.014433728424486,0.0040126236541501,-0.0283337896966127,-0.00298136776336444,0.0253524219332483,4.05405405405405,3.13283939861593,0.032841234506249,0.129612997828064,0.795423391569378,0.4,57,2024-09-19T13:52:03Z,2024-09-19T13:52:07.966667Z
-0.0147052816515351,0.00379685844555312,-0.0142484550300515,0.00316636408733233,-0.0270290935665544,-0.00425732942934798,0.0227717641372064,4.05405405405405,3.34124478984613,0.0372214115740299,0.209299345707808,0.731168393088634,0.36,58,2024-09-19T13:52:08Z,2024-09-19T13:52:12.966667Z
0.0025801674751935,0.153815372966986,-0.0151282702139454,0.0808054907497913,-0.42887563003258,0.593012336313462,1.02188796634604,1.62162162162162,3.07945882955161,0.0049301586810347,0.432990916529534,0.554326376141935,0.186666666666667,59,2024-09-19T13:52:13Z,2024-09-19T13:52:33.966667Z
0.00288811663573201,0.157124271785756,-0.0405155506386912,0.0995383485910291,-0.436266399539461,0.454529045752728,0.890795445292189,1.62162162162162,2.77317382562465,0.000198934381192111,0.438810009004393,0.556885324419778,0.213333333333333,60,2024-09-19T13:52:34Z,2024-09-19T13:52:38.966667Z
0.00506584999771033,0.144628136335007,-0.018357673115793,0.124025880741052,-0.471543500824404,0.440083594562685,0.911627095387089,1.62162162162162,3.06647231138759,0.00140303197364034,0.444139709439773,0.547093433379101,0.24,61,2024-09-19T13:52:39Z,2024-09-19T13:52:43.966667Z
0.00245453408780141,0.163103078772668,-0.0411969912887397,0.137192584216373,-0.417499266998071,0.497975469946795,0.915474736944866,1.62162162162162,2.81886122852985,0.000970919809303184,0.467474440206351,0.525979984464054,0.2,62,2024-09-19T13:52:44Z,2024-09-19T13:52:48.966667Z
0.0140466055803357,0.185761214874679,-0.0282635875822203,0.204312928314294,-0.427314523504131,0.479429284952747,0.906743808456878,1.82432432432432,2.7407292711279,0.00405868766869254,0.549391855643974,0.442593339614141,0.2,63,2024-09-19T13:52:49Z,2024-09-19T13:52:53.966667Z
0.00125866679443122,0.193063673825676,-0.0451664834342592,0.184856688783096,-0.514572880787017,0.560440293324013,1.07501317411103,1.82432432432432,2.91118526646275,0.00550631696023708,0.534540343686706,0.454454062395135,0.193333333333333,64,2024-09-19T13:52:54Z,2024-09-19T13:52:58.966667Z
0.0136710286098797,0.201626616632289,-0.0175890043382289,0.217461597211796,-0.44900380635442,0.510854089714827,0.959857896069247,1.82432432432432,2.58411829247509,0.0010119787100637,0.564754677682779,0.429525942601225,0.193333333333333,65,2024-09-19T13:52:59Z,2024-09-19T13:53:03.966667Z
0.0105914110188895,0.178666975991767,-0.0300225506403005,0.168904414724079,-0.445831171609434,0.613069990904774,1.05890116251421,1.82432432432432,2.81153122994826,0.000855202270015107,0.447673243283835,0.544718299507081,0.22,66,2024-09-19T13:53:04Z,2024-09-19T13:53:08.966667Z
0.00491744567690568,0.177931776826892,-0.0381623283672983,0.161322242936364,-0.456816510094822,0.476765818137554,0.933582328232376,1.82432432432432,2.59476734195346,0.00187027196768971,0.532047030708794,0.460109648972774,0.206666666666667,67,2024-09-19T13:53:09Z,2024-09-19T13:53:13.966667Z
0.0158964912654468,0.217493925965869,-0.0387617546376724,0.185294229269576,-0.336797036764836,0.944594501252948,1.28139153801778,1.82432432432432,2.63551770772599,0.00280649970643981,0.511294986204979,0.480357779584301,0.233333333333333,68,2024-09-19T13:53:14Z,2024-09-19T13:53:18.966667Z
0.00563609950906607,0.207250192547812,-0.0198264287517218,0.212171256337415,-0.469593657417543,0.663655655263476,1.13324931268102,1.82432432432432,2.63933447671817,0.000505504469542187,0.566333690623443,0.430249530993006,0.186666666666667,69,2024-09-19T13:53:19Z,2024-09-19T13:53:23.966667Z
0.0165996418475377,0.236863050515568,-0.0292313950954427,0.247525185902937,-0.456604885031272,0.688022085132672,1.14462697016394,1.82432432432432,2.50212515355443,0.00112894294498964,0.605599757870474,0.383901212476853,0.186666666666667,70,2024-09-19T13:53:24Z,2024-09-19T13:53:28.966667Z
0.0132977128600304,0.228347134771105,-0.0361521257658386,0.258538721945145,-0.509219776256095,0.628075046458834,1.13729482271493,1.82432432432432,2.25665866950685,1.66883579666692e-05,0.604248632084852,0.386503760932341,0.18,71,2024-09-19T13:53:29Z,2024-09-19T13:53:33.966667Z
0.0105068322572844,0.206619541692483,-0.0266804795045816,0.222874707113339,-0.497292651114265,0.608458057465603,1.10575070857987,1.82432432432432,2.50360742264303,0.000835508083084337,0.563243794780733,0.431453411895908,0.173333333333333,72,2024-09-19T13:53:34Z,2024-09-19T13:53:38.966667Z
0.00165705094519727,0.196656968700997,-0.0262240958999161,0.190763175009555,-0.457279719489069,0.55766333349593,1.014943052985,1.82432432432432,2.46436395196555,0.00809740442025814,0.578517510631051,0.40617306491561,0.193333333333333,73,2024-09-19T13:53:39Z,2024-09-19T13:53:43.966667Z
0.00915858746098336,0.17497208388289,-0.0340463334502583,0.160621436379827,-0.449864768381936,0.580246805353383,1.03011157373532,1.62162162162162,2.93847945605052,0.000291036048000112,0.42906951505846,0.555978002177486,0.206666666666667,74,2024-09-19T13:53:44Z,2024-09-19T13:53:48.966667Z
0.00811037616614003,0.194417203698324,-0.0191040339861739,0.182309225470974,-0.443593458357178,0.679466536504346,1.12305999486152,1.82432432432432,2.71154649656342,0.00260911450642874,0.589804828643194,0.40275802603813,0.2,75,2024-09-19T13:53:49Z,2024-09-19T13:53:53.966667Z
0.012593817873839,0.216390082644599,0.0127538043207322,0.266828416524644,-0.425879175603866,0.595331734758057,1.02121091036192,1.82432432432432,1.9087274064507,7.38426773581757e-05,0.679491998553731,0.311544726827963,0.173333333333333,76,2024-09-19T13:53:54Z,2024-09-19T13:53:58.966667Z
0.00655424598606381,0.197565397139625,-0.0391950786908445,0.217064868304199,-0.424885386001448,0.567940310540518,0.992825696541966,1.82432432432432,2.202570495028,0.000315631912675598,0.615605026770727,0.375612787768185,0.193333333333333,77,2024-09-19T13:53:59Z,2024-09-19T13:54:03.966667Z
0.0103870709613286,0.178176115847105,-0.0229226028083181,0.184790533855031,-0.374818051431725,0.479056612862138,0.853874664293863,1.82432432432432,2.68536219758622,0.00236178972098354,0.549291498351631,0.442123638403091,0.206666666666667,78,2024-09-19T13:54:04Z,2024-09-19T13:54:08.966667Z
0.00979753880690557,0.179208256932738,-0.0271211102631417,0.190085864453141,-0.407560098766658,0.554675112556345,0.962235211323003,1.62162162162162,3.14430477642076,0.00132778553569114,0.496198227214538,0.487033115847724,0.18,79,2024-09-19T13:54:09Z,2024-09-19T13:54:13.966667Z
0.00294360329362311,0.206954827635697,-0.0414772758724542,0.210914320156439,-0.374661776241739,0.604245102240772,0.978906878482511,1.82432432432432,2.51911751771495,0.00287820215724721,0.586125488632557,0.401476371034404,0.2,80,2024-09-19T13:54:14Z,2024-09-19T13:54:18.966667Z
0.0206575006557612,0.184155483663345,-0.0189699106830038,0.198850275912896,-0.272523267177361,0.694720614676057,0.967243881853418,1.82432432432432,2.78281298226989,0.00432082192877902,0.59907697699855,0.391621169504422,0.166666666666667,81,2024-09-19T13:54:19Z,2024-09-19T13:54:23.966667Z
0.0054431378510333,0.172207373006434,-0.0281613815064885,0.181295934879142,-0.440922612951506,0.462895199290747,0.903817812242253,1.62162162162162,2.87276786513988,0.00044725577372568,0.558327495164626,0.435842715227836,0.22,82,2024-09-19T13:54:24Z,2024-09-19T13:54:28.966667Z
0.00778102182227642,0.210768774566941,-0.0323626846613291,0.224477732769546,-0.511112779047036,0.575385093931278,1.08649787297831,1.82432432432432,2.50510983692212,0.000549872188410453,0.545292262980223,0.448287189241476,0.2,83,2024-09-19T13:54:29Z,2024-09-19T13:54:33.966667Z
0.00880946809050693,0.18917286726443,-0.0153527966607632,0.18484768215299,-0.356240157776212,0.532620373933618,0.88886053170983,1.82432432432432,2.54550542367211,0.000335395587447143,0.551604320335024,0.443746515629007,0.206666666666667,84,2024-09-19T13:54:34Z,2024-09-19T13:54:38.966667Z
0.0099669815541155,0.204807241447743,-0.0352604604148412,0.201588919330116,-0.371694157497529,0.573369182273362,0.945063339770891,1.82432432432432,1.94902946018322,0.000447334518562558,0.625430681247117,0.360832334499676,0.186666666666667,85,2024-09-19T13:54:39Z,2024-09-19T13:54:43.966667Z
0.0111072681689234,0.213894013426431,-0.029815078085124,0.2452501237114,-0.475136495893369,0.605408185450018,1.08054468134339,1.82432432432432,2.00872091967143,0.000133168798665481,0.67835463729197,0.314744209200446,0.173333333333333,86,2024-09-19T13:54:44Z,2024-09-19T13:54:48.966667Z
0.0107366526697127,0.189939629631805,-0.0286984644934356,0.206453561189619,-0.352843337106687,0.484703051294848,0.837546388401535,1.82432432432432,2.12367609823705,0.000860242537093102,0.628733483310482,0.367201462474305,0.2,87,2024-09-19T13:54:49Z,2024-09-19T13:54:53.966667Z
0.00876017477995071,0.163204226494937,-0.0246752055164165,0.165436046870673,-0.412607254404944,0.521004827435974,0.933612081840918,1.62162162162162,2.92491321463394,0.00318345273792542,0.49477197134366,0.497112416664473,0.193333333333333,88,2024-09-19T13:54:54Z,2024-09-19T13:54:58.966667Z
0.0115440033819308,0.156639947837834,-0.0191563761990006,0.140157297732139,-0.42820832955902,0.491022772050381,0.919231101609401,1.62162162162162,3.09796777250302,0.00116021682764697,0.499202636796369,0.487025079295262,0.233333333333333,89,2024-09-19T13:54:59Z,2024-09-19T13:55:03.966667Z
0.0101332450530534,0.185507940941656,-0.0319604317109153,0.191885766604009,-0.36763726803554,0.557286306928755,0.924923574964295,1.82432432432432,2.56431069334075,0.000879153548901092,0.578727557583872,0.416423640823947,0.186666666666667,90,2024-09-19T13:55:04Z,2024-09-19T13:55:08.966667Z
0.00598499480369923,0.188070109683398,-0.0392536135526501,0.209663843436798,-0.383547447455888,0.44682130128861,0.830368748744498,1.82432432432432,2.47184408546609,0.000738348708868871,0.594826267776101,0.383966735335897,0.18,91,2024-09-19T13:55:09Z,2024-09-19T13:55:13.966667Z
0.00511005334720855,0.1751998618212,-0.0115155374997966,0.175979771922076,-0.357767510133961,0.52428450901946,0.882052019153421,1.82432432432432,2.54583163623339,0.00166953782245522,0.593288879257824,0.400114578594691,0.166666666666667,92,2024-09-19T13:55:14Z,2024-09-19T13:55:18.966667Z
0.0136897134818185,0.187441556336384,-0.0233178075241311,0.202406816334264,-0.529400150205437,0.535812847939045,1.06521299814448,1.82432432432432,2.80265483063314,0.00255970777783877,0.493116186039536,0.498991693181258,0.233333333333333,93,2024-09-19T13:55:19Z,2024-09-19T13:55:23.966667Z
0.0031503275118924,0.180621435873181,-0.0381535344524761,0.140474035133446,-0.526150583313378,0.539080856535624,1.065231439849,1.62162162162162,3.11344612934698,0.00158598673498699,0.397677900634805,0.597567222031902,0.213333333333333,94,2024-09-19T13:55:24Z,2024-09-19T13:55:28.966667Z
-0.00816435905002486,0.0758248427339933,-0.0136131520006924,0.00892983697030283,-0.319111246819019,0.432485055584299,0.751596302403318,1.62162162162162,3.57592189564592,0.0108094967086156,0.363408690405178,0.623260840478826,0.186666666666667,95,2024-09-19T13:55:29Z,2024-09-19T13:55:33.966667Z
-0.0135314643663333,0.0027755082186849,-0.0134427744784984,0.00238418765714596,-0.0216702664991513,-0.0030704009881759,0.0185998655109754,4.05405405405405,3.33665685191667,0.0171612897668097,0.264374163915579,0.700175068533978,0.413333333333333,96,2024-09-19T13:55:34Z,2024-09-19T13:55:38.966667Z
-0.0137207921757618,0.00308846577257193,-0.0137805284154341,0.00282010086579037,-0.0218176441849516,-0.00629357712206691,0.0155240670628847,6.08108108108108,3.36150554464456,0.0254446580097727,0.215658264651451,0.739986265570614,0.293333333333333,97,2024-09-19T13:55:39Z,2024-09-19T13:55:43.966667Z
-0.0134328475894391,0.00394202944146393,-0.0130422236925912,0.003557185411308,-0.0250067747938689,-0.00285314077283971,0.0221536340210292,3.44594594594595,3.5253067783558,0.0210499588322225,0.172334635657285,0.786393883335125,0.346666666666667,98,2024-09-19T13:55:44Z,2024-09-19T13:55:50.966667Z
-0.0135746444256168,0.00302067312929663,-0.0133320133119909,0.00274453179007768,-0.023382196566659,-0.00472816738338144,0.0186540291832776,4.05405405405405,3.17350824386784,0.0148430022164679,0.200598053161427,0.723560100298075,0.34,99,2024-09-19T13:55:51Z,2024-09-19T13:55:55.966667Z
-0.00391823811281274,0.217025738934537,-0.0141849731317327,0.00512357134750927,-0.590094968983747,0.930417221403648,1.52051219038739,1.82432432432432,2.72884680322023,0.0198302388057546,0.795291114924503,0.178597086420124,0.0666666666666667,100,2024-09-19T13:55:56Z,2024-09-19T13:56:00.966667Z
0.0845260110063787,0.562957027222193,0.0347457715459755,0.695107975678371,-0.938182245977264,1.27308514431875,2.21126739029601,2.02702702702703,2.08178465031395,0.00410924758948515,0.817815599311435,0.173969893564006,0.18,101,2024-09-19T13:56:01Z,2024-09-19T13:56:05.966667Z
0.0520437234295231,0.499984528918395,-0.014608193228735,0.548912183544335,-0.966229692061796,1.19450608247107,2.16073577453287,2.02702702702703,2.23820483774804,0.00653803301040291,0.799915352360493,0.188244996271888,0.166666666666667,102,2024-09-19T13:56:06Z,2024-09-19T13:56:10.966667Z
0.090606700795681,0.539703342692451,0.0212893775234239,0.757341243625194,-0.872002733976783,1.30033571377651,2.17233844775329,2.22972972972973,1.59597219222931,0.00716361963784029,0.868335859450135,0.117766541888967,0.153333333333333,103,2024-09-19T13:56:11Z,2024-09-19T13:56:15.966667Z
0.0549126887864535,0.535505338203913,-0.0112618130260426,0.674822080395397,-0.871544717732762,1.34173790268109,2.21328262041385,2.22972972972973,2.14891152372686,0.00999605130106977,0.774372968515351,0.210465238208888,0.193333333333333,104,2024-09-19T13:56:16Z,2024-09-19T13:56:20.966667Z
0.0633986533062686,0.5161633041436,0.0169159329204565,0.697379113877213,-0.798886821024893,1.13031988233394,1.92920670335883,2.22972972972973,1.96547971840903,0.00022606223084549,0.796924367029258,0.196104627771302,0.153333333333333,105,2024-09-19T13:56:21Z,2024-09-19T13:56:25.966667Z
0.0571613126664311,0.482634254241055,0.0237695819138503,0.633162741896527,-0.789622987515263,0.961655495486543,1.75127848300181,2.22972972972973,1.97721229658396,0.0012284674072848,0.80273992954144,0.187209130149256,0.193333333333333,106,2024-09-19T13:56:26Z,2024-09-19T13:56:30.966667Z
0.06532574867462,0.459976967164107,0.00873420819767146,0.507012336527254,-0.717485230449812,1.38045360942646,2.09793883987627,2.02702702702703,2.6080753764614,0.0023017188778313,0.695249767775216,0.293429224601489,0.206666666666667,107,2024-09-19T13:56:31Z,2024-09-19T13:56:35.966667Z
0.0653861141780216,0.502634135265183,0.015311128881161,0.639615189005913,-0.790658298237111,1.03093634357153,1.82159464180864,2.22972972972973,1.82405703017882,0.000548258910280276,0.779981906628517,0.216409011333672,0.16,108,2024-09-19T13:56:36Z,2024-09-19T13:56:40.966667Z
0.0434159139521122,0.470344851661155,0.0202759175655722,0.614072491558422,-0.78497947797147,1.00056887875468,1.78554835672615,2.22972972972973,1.82325088036461,0.00368291850030979,0.822053058886846,0.168107550884119,0.206666666666667,109,2024-09-19T13:56:41Z,2024-09-19T13:56:45.966667Z
0.0641469874795434,0.448274360800941,0.0443541744857106,0.559682826836565,-0.790499585313587,0.941168820136314,1.7316684054499,2.22972972972973,2.28660826500176,0.00320631207140084,0.778173803713767,0.21120132078532,0.18,110,2024-09-19T13:56:46Z,2024-09-19T13:56:50.966667Z
0.0386121702931664,0.476479659017307,0.00550279242770824,0.550814675774715,-0.768148077266514,1.04497775306397,1.81312583033048,2.02702702702703,2.29889959242126,0.0028814954788296,0.731973611479508,0.259198220561529,0.18,111,2024-09-19T13:56:51Z,2024-09-19T13:56:55.966667Z
0.0785208119319257,0.459538093518024,0.0198874783713145,0.493554128981086,-0.816753292009024,1.38032057978313,2.19707387179215,2.02702702702703,2.04029406726551,0.00881753587572485,0.723162866860549,0.261601513026368,0.18,112,2024-09-19T13:56:56Z,2024-09-19T13:57:00.966667Z
0.0460376232800212,0.421717499720667,0.00622202879927925,0.537593143567467,-0.714338601505996,0.95882977392015,1.67316837542615,2.02702702702703,2.02614427599747,0.00195309665603276,0.780013500550958,0.212140739833105,0.153333333333333,113,2024-09-19T13:57:01Z,2024-09-19T13:57:05.966667Z
0.0454392197535439,0.441782257525027,-0.00970363564412251,0.564454006671052,-0.724770133216282,1.03745955210105,1.76222968531733,2.02702702702703,2.30176324755665,0.000513997425324797,0.739427140436975,0.250698653907392,0.166666666666667,114,2024-09-19T13:57:06Z,2024-09-19T13:57:10.966667Z
0.0579312015918363,0.42626698986978,0.00674510512519046,0.559460774209728,-0.702148810625626,1.03748606820255,1.73963487882818,2.02702702702703,2.31529632562697,0.00233740201401497,0.766929498720521,0.223477797275346,0.166666666666667,115,2024-09-19T13:57:11Z,2024-09-19T13:57:15.966667Z
0.0345935256297788,0.42406902825328,-0.00138165065977225,0.565690553310386,-0.686098262675338,0.883248476682445,1.56934673935778,2.02702702702703,2.20710142599973,0.00293994809221687,0.762107334684623,0.228862008485291,0.193333333333333,116,2024-09-19T13:57:16Z,2024-09-19T13:57:20.966667Z
0.0551307475426165,0.427484996874786,0.0123145947605892,0.538679603900742,-0.675126749046221,0.986795759439186,1.66192250848541,2.02702702702703,2.24305849106055,0.00229210131975388,0.708702712405249,0.285161410748921,0.2,117,2024-09-19T13:57:21Z,2024-09-19T13:57:25.966667Z
0.0519362404692591,0.35343125435668,-0.0373721399084625,0.360416071765882,-0.624116782190426,1.18386320156763,1.80797998375806,2.02702702702703,1.76898295481032,0.00417652971472276,0.745289550336449,0.243621819985924,0.193333333333333,118,2024-09-19T13:57:26Z,2024-09-19T13:57:30.966667Z
0.0397217101786496,0.450743658164049,0.00908641889193862,0.566375477529106,-0.687632194919533,0.949146895257095,1.63677909017663,2.02702702702703,2.06281461804791,0.00373794730221208,0.775303698122679,0.216590396876402,0.193333333333333,119,2024-09-19T13:57:31Z,2024-09-19T13:57:35.966667Z
0.0575183563170507,0.428155996425064,0.0115541137846376,0.538549103326405,-0.697096042982733,0.931923770455422,1.62901981343816,2.02702702702703,2.19249376364163,0.00512848029694506,0.766221968214986,0.22418378109313,0.173333333333333,120,2024-09-19T13:57:36Z,2024-09-19T13:57:40.966667Z
0.0403621812767402,0.41063159556107,0.0325830051949461,0.492097400349723,-0.670756745413923,1.03383420818619,1.70459095360011,2.02702702702703,2.07319915547279,0.000388851895355911,0.730268635351266,0.258420759231483,0.18,121,2024-09-19T13:57:41Z,2024-09-19T13:57:45.966667Z
0.0389087287429085,0.453325217623796,0.0104670089328042,0.568396626723773,-0.711682341582832,1.03205089993939,1.74373324152222,2.02702702702703,2.2607114560577,0.00453737028392828,0.691005925405511,0.298434884429067,0.206666666666667,122,2024-09-19T13:57:46Z,2024-09-19T13:57:50.966667Z
0.0794673769989099,0.460231898109044,0.0760086445206583,0.465218556140314,-0.819842269989686,1.25148868885152,2.07133095884121,2.02702702702703,2.14709457781834,0.00665831697562952,0.7435149755376,0.243047573085579,0.173333333333333,123,2024-09-19T13:57:51Z,2024-09-19T13:57:55.966667Z
0.0439823083008336,0.482077336737329,-0.0453912672613992,0.612691671558073,-0.785815670883461,1.05931612527736,1.84513179616082,2.22972972972973,1.93072989515984,0.0030830162792138,0.832080013995411,0.160416607682709,0.166666666666667,124,2024-09-19T13:57:56Z,2024-09-19T13:58:00.966667Z
0.0784090187273015,0.472860314025403,0.0403177328555781,0.590380381615756,-0.806732031433574,1.04268579814537,1.84941782957894,2.22972972972973,2.15788488488567,0.00767723225905827,0.784838534917722,0.205125838487864,0.16,125,2024-09-19T13:58:01Z,2024-09-19T13:58:05.966667Z
0.0352309403318341,0.42253577901382,-0.000549666554789996,0.537728412754928,-0.673589716245717,0.93275294706935,1.60634266331507,2.02702702702703,1.83911487323789,0.00264518303545498,0.776954270073743,0.215871846997963,0.186666666666667,126,2024-09-19T13:58:06Z,2024-09-19T13:58:10.966667Z
0.0443099360431005,0.41437094944952,0.0277731002827856,0.513888236980788,-0.637194489673534,1.09495162610577,1.7321461157793,2.02702702702703,1.87716520900445,8.89171681927976e-05,0.747069464278687,0.246648499847166,0.193333333333333,127,2024-09-19T13:58:11Z,2024-09-19T13:58:15.966667Z
0.0669531170441511,0.472633119050766,0.0224011548953894,0.572371205775845,-0.697654356770049,1.27913816044905,1.9767925172191,2.02702702702703,2.12953545635363,0.00389765800198537,0.731038438807585,0.259579056499623,0.186666666666667,128,2024-09-19T13:58:16Z,2024-09-19T13:58:20.966667Z
0.0432116759176759,0.40243161384697,-0.0281238468862058,0.420090838956904,-0.705906711509451,1.02431102931321,1.73021774082266,2.02702702702703,2.39215295061731,0.00514382839651167,0.752950636223653,0.235203132041047,0.18,129,2024-09-19T13:58:21Z,2024-09-19T13:58:25.966667Z
0.0736080244271646,0.455325347610532,0.0666609714316021,0.534851696527941,-0.717617394029509,1.04202126913082,1.75963866316033,2.22972972972973,2.25173607762992,0.00508412690292515,0.77155865046972,0.215496648955573,0.166666666666667,130,2024-09-19T13:58:26Z,2024-09-19T13:58:30.966667Z
0.0387425210662063,0.453112592226878,0.0280359547176137,0.56142607315952,-0.706375519515061,1.06751198762993,1.77388750714499,2.02702702702703,2.19560969305314,0.00101055539226974,0.73828780587457,0.250013575611907,0.206666666666667,131,2024-09-19T13:58:31Z,2024-09-19T13:58:35.966667Z
0.0324448501887513,0.405977420511429,0.00660578044486948,0.49765340928201,-0.707322255578828,1.05382209824049,1.76114435381932,2.02702702702703,1.85699022550717,0.00109907202862954,0.721148652073704,0.269730298770677,0.22,132,2024-09-19T13:58:36Z,2024-09-19T13:58:40.966667Z
0.0680268165205461,0.495572517849497,0.0469435021449809,0.559748672798581,-0.792451241544479,1.21147442378811,2.00392566533259,2.02702702702703,1.9421551742593,0.00527131888482667,0.756821544042944,0.230819764066371,0.16,133,2024-09-19T13:58:41Z,2024-09-19T13:58:45.966667Z
0.0435136774118123,0.443984050903155,-0.0050241779274553,0.503349861399683,-0.707446156767221,1.36213551758193,2.06958167434915,2.22972972972973,2.44835131363042,0.00513328306292484,0.75725634904877,0.234049172418493,0.213333333333333,134,2024-09-19T13:58:46Z,2024-09-19T13:58:50.966667Z
0.0514734991922172,0.458308735472467,0.0117696378997152,0.614811172848253,-0.785573358699795,1.04049225323046,1.82606561193026,2.02702702702703,1.62496465257617,0.00036504003441238,0.795034036923539,0.19978932257729,0.186666666666667,135,2024-09-19T13:58:51Z,2024-09-19T13:58:55.966667Z
0.0539263072091411,0.426053047607864,-0.0024591464102568,0.366105541270809,-0.811190171435501,2.09850528107207,2.90969545250757,2.02702702702703,2.64579896541289,0.00277523564006942,0.573912421523308,0.41524195455357,0.18,136,2024-09-19T13:58:56Z,2024-09-19T13:59:00.966667Z
-0.00818274036787192,0.00506096233520195,-0.00767870600279619,0.00449275758893685,-0.0265362624450249,0.00313708070043983,0.0296733431454647,4.86486486486487,3.26031367965836,0.0129545158377414,0.241053905268865,0.712079253374229,0.346666666666667,137,2024-09-19T13:59:01Z,2024-09-19T13:59:05.966667Z
-0.00734247270157042,0.00483223736539549,-0.00664124229567692,0.00379434706110619,-0.0246937529471464,0.00498402986053392,0.0296777828076803,6.08108108108108,3.44615975382489,0.00881884249957912,0.159715392084761,0.821094922846125,0.313333333333333,138,2024-09-19T13:59:06Z,2024-09-19T13:59:10.966667Z
0.108896399999193,0.569114100873255,-0.00650423818567175,0.0897012527810819,-0.847324316029709,2.29707295873449,3.1443972747642,2.83783783783784,2.30500607559546,0.0351921908191925,0.479696348667649,0.46658188260616,0.1,139,2024-09-19T13:59:11Z,2024-09-19T13:59:31.966667Z
0.222092922349333,0.869626344561307,-0.0182007172121939,1.0490594855111,-0.890602218494482,2.39204426107995,3.28264647957443,2.83783783783784,1.15470049684614,0.000742491087413428,0.802003993672805,0.18494740607416,0.186666666666667,140,2024-09-19T13:59:32Z,2024-09-19T13:59:36.966667Z
0.212780491945662,0.8240529525969,0.0333827159024899,1.05548951878428,-0.835261239733991,2.06647313461978,2.90173437435377,2.83783783783784,1.01532274644935,0.00067736593055202,0.838336565026599,0.14775057009208,0.186666666666667,141,2024-09-19T13:59:37Z,2024-09-19T13:59:41.966667Z
0.193046096257995,0.856711220585397,-0.0130412203485656,1.02100771965024,-0.960436546621075,2.34841092811871,3.30884747473979,2.83783783783784,1.171273012059,0.000353952205845269,0.810290825053777,0.177124685578114,0.186666666666667,142,2024-09-19T13:59:42Z,2024-09-19T13:59:46.966667Z
0.230616162688625,0.867795039049581,-0.057985409128544,1.01214788800861,-0.915850701326935,2.39410166926766,3.3099523705946,2.83783783783784,1.24369822081754,0.00108763634544569,0.794185458684525,0.192293451935173,0.186666666666667,143,2024-09-19T13:59:47Z,2024-09-19T13:59:51.966667Z
0.202681966819282,0.851688974415549,-0.0237295698097518,1.02895083854351,-0.861564805630838,2.42760729620565,3.28917210183649,2.83783783783784,0.974029201227798,0.000287804052310072,0.822795526079089,0.16932414988955,0.186666666666667,144,2024-09-19T13:59:52Z,2024-09-19T13:59:56.966667Z
0.210782012706821,0.835108984340424,0.0418070723618332,1.01035466993522,-0.902409243241204,2.12194786207802,3.02435710531922,2.83783783783784,0.943968795783091,0.000146185532864478,0.824399318772525,0.167273616418684,0.186666666666667,145,2024-09-19T13:59:57Z,2024-09-19T14:00:01.966667Z
0.212154919003319,0.823454910953722,0.091197541081311,1.05762505642031,-0.861975554136213,2.0684631476987,2.93043870183491,2.83783783783784,1.0662524601368,0.000310963273982498,0.818788123784731,0.164559128141882,0.186666666666667,146,2024-09-19T14:00:02Z,2024-09-19T14:00:06.966667Z
0.207454854730019,0.843387980304563,0.140770373485672,0.980048847120932,-0.927669816573458,2.26481635636928,3.19248617294274,2.83783783783784,1.06000117199926,6.53542407521543e-05,0.807215027881286,0.18011504302892,0.186666666666667,147,2024-09-19T14:00:07Z,2024-09-19T14:00:11.966667Z
0.223648731131555,0.919041346697065,0.0251139935668948,1.02016541378477,-0.911246160585597,3.03939207353004,3.95063823411564,2.83783783783784,1.88955273893954,0.00151293304752807,0.724788693732892,0.258636862859678,0.18,148,2024-09-19T14:00:12Z,2024-09-19T14:00:16.966667Z
0.208566969419808,0.850693272500836,0.0465034754480815,1.0343392787385,-0.869080670167414,2.55474381176119,3.4238244819286,2.83783783783784,1.13799482375211,0.000965830835947042,0.796647224598307,0.184683978926616,0.193333333333333,149,2024-09-19T14:00:17Z,2024-09-19T14:00:21.966667Z
0.231250263922439,0.826987260469318,0.152340679649312,1.04003277466711,-0.890266078233094,2.22055108498813,3.11081716322122,2.83783783783784,1.28470739011367,0.000441815125585629,0.787696471524865,0.1969891054714,0.186666666666667,150,2024-09-19T14:00:22Z,2024-09-19T14:00:26.966667Z
0.212542017726335,0.867437159224376,0.0446702970045557,1.02867927637875,-0.906192695157577,2.46050101994716,3.36669371510474,2.83783783783784,1.27633139550326,4.55468594423966e-05,0.793228076091003,0.19526534865043,0.18,151,2024-09-19T14:00:27Z,2024-09-19T14:00:31.966667Z
0.215144234815644,0.837142974454467,0.114865193180754,1.04049223064094,-0.932323216718849,2.47236279822121,3.40468601494006,2.83783783783784,1.30398567539056,0.002042964484425,0.806020975028638,0.177350674229438,0.18,152,2024-09-19T14:00:32Z,2024-09-19T14:00:36.966667Z
0.217534264331989,0.809285167116735,0.165492894355695,1.07829566170583,-0.891504381241746,2.49262788984987,3.38413227109162,2.83783783783784,1.99866221625802,0.00481641368957857,0.704951488815353,0.268152816270043,0.186666666666667,153,2024-09-19T14:00:37Z,2024-09-19T14:00:41.966667Z
0.196223959303563,0.819446854158448,0.0398197080786991,1.06692134211107,-0.910229054065661,2.2293735661235,3.13960262018916,2.83783783783784,0.865749248131747,0.000283679596250952,0.844630196719803,0.146583571147121,0.186666666666667,154,2024-09-19T14:00:42Z,2024-09-19T14:00:46.966667Z
0.209563320382888,0.79692519958014,0.100696536453476,1.08007085267348,-0.851180791285355,2.07434624824464,2.92552703953,2.83783783783784,1.04474109056877,0.000365164675812765,0.825488683233546,0.162575455021457,0.186666666666667,155,2024-09-19T14:00:47Z,2024-09-19T14:00:51.966667Z
0.193624965650329,0.807208967451986,0.0807666046789296,1.0706044338518,-0.886685760564068,2.30839762976458,3.19508339032865,2.83783783783784,0.818859955203641,0.000402210797430986,0.849141601779041,0.142307660025338,0.186666666666667,156,2024-09-19T14:00:52Z,2024-09-19T14:00:56.966667Z
0.184549612592421,0.801892986883986,0.0312382468964671,1.05552172156339,-0.92406142094738,2.04307178475415,2.96713320570153,2.83783783783784,0.845969393892654,0.00071103473488036,0.862859508334998,0.126843999238499,0.186666666666667,157,2024-09-19T14:00:57Z,2024-09-19T14:01:01.966667Z
0.208598683057316,0.788256432111004,0.128458563807231,1.06256084219499,-0.895446053700295,2.14841249577158,3.04385854947188,2.83783783783784,0.988847724558372,0.000609737115156803,0.839668837814201,0.145440913047103,0.186666666666667,158,2024-09-19T14:01:02Z,2024-09-19T14:01:06.966667Z
0.18595032657947,0.812508047699465,0.0495444185040949,1.07993221310641,-0.882288035032006,2.04261057436956,2.92489860940157,2.83783783783784,0.76294945067768,0.000466805739364424,0.863350690719772,0.127660755075223,0.186666666666667,159,2024-09-19T14:01:07Z,2024-09-19T14:01:11.966667Z
0.192792885425108,0.837839048523598,0.0221685146344524,1.04202691046527,-0.888409435836917,2.43342270714168,3.3218321429786,2.83783783783784,0.914794067446336,0.000470583637494578,0.819991276937822,0.173474560714452,0.186666666666667,160,2024-09-19T14:01:12Z,2024-09-19T14:01:16.966667Z
0.195518316624278,0.783587643047547,0.130125308097933,1.0174155934745,-0.915308045703793,1.97747765550238,2.89278570120617,2.83783783783784,1.10947545770895,0.0009624843379239,0.835707542365885,0.149611611768115,0.186666666666667,161,2024-09-19T14:01:17Z,2024-09-19T14:01:21.966667Z
0.203021589420147,0.841273131187956,-0.0434198164142949,0.970224643512417,-0.944679989141436,2.44342207349676,3.3881020626382,2.83783783783784,1.07096874588018,0.000197793421340558,0.803806897739039,0.186099950432762,0.186666666666667,162,2024-09-19T14:01:22Z,2024-09-19T14:01:26.966667Z
0.214023681459335,0.847440266939015,0.05003665586284,1.01590126378504,-0.924641560488167,2.25490105216659,3.17954261265476,2.83783783783784,1.10600245084245,0.00125925338971743,0.825810150537365,0.157592974128584,0.186666666666667,163,2024-09-19T14:01:27Z,2024-09-19T14:01:31.966667Z
0.223951344407156,0.856962164827519,-0.00252462889400173,0.969648300624346,-0.931132313868556,2.53029088121832,3.46142319508688,2.83783783783784,1.80934964091111,0.00128283681602658,0.667824599554769,0.313782409547038,0.186666666666667,164,2024-09-19T14:01:32Z,2024-09-19T14:01:36.966667Z
0.218289249057745,0.82769351929407,0.067644224366194,1.04397542095216,-0.915914557813181,2.0763600399346,2.99227459774778,2.83783783783784,1.05756500847417,0.000472676300783746,0.827009985060691,0.162147293866464,0.186666666666667,165,2024-09-19T14:01:37Z,2024-09-19T14:01:41.966667Z
0.237791096486377,0.908643938517326,0.0252913146359103,1.03385339980008,-0.893369029211243,3.11773761687229,4.01110664608353,2.83783783783784,2.32860295465328,0.00192329902210902,0.708448717495136,0.274935818832701,0.18,166,2024-09-19T14:01:42Z,2024-09-19T14:01:46.966667Z
0.227089297031976,0.826919453043156,0.0150729408397029,1.00218948932425,-0.944479536139585,2.2833801504284,3.22785968656799,2.83783783783784,1.32389702422234,0.00119998359378477,0.813982640711981,0.168001051078968,0.186666666666667,167,2024-09-19T14:01:47Z,2024-09-19T14:01:51.966667Z
0.250108459094982,0.833076482985199,0.0505536684671173,0.998431036517795,-0.904593008282552,2.24705205863427,3.15164506691682,2.83783783783784,1.07894466397468,0.00084167402739827,0.82079717132771,0.161623936282796,0.186666666666667,168,2024-09-19T14:01:52Z,2024-09-19T14:01:56.966667Z
0.283393196155297,0.854526882578889,0.0947558369667975,1.03048961028434,-0.949765979394943,2.79990937879962,3.74967535819456,2.83783783783784,1.25297786842052,0.00603994412156177,0.802610204058954,0.174410131174854,0.186666666666667,169,2024-09-19T14:01:57Z,2024-09-19T14:02:01.966667Z
0.238665022246812,0.813804782348217,0.155865869185859,1.00467973390209,-0.917500356528429,2.38093203556353,3.29843239209196,2.83783783783784,1.22579832575884,0.00018444754222334,0.79615887623423,0.187210919419689,0.186666666666667,170,2024-09-19T14:02:02Z,2024-09-19T14:02:06.966667Z
0.217311942689773,0.80269124355579,0.0324305051154848,0.971608481615366,-0.893085830308309,2.0023384375483,2.89542426785661,2.83783783783784,0.886428848154096,0.00110797366590144,0.841442217032483,0.145407007040376,0.18,171,2024-09-19T14:02:07Z,2024-09-19T14:02:11.966667Z
0.175873758265891,0.875578863874972,-0.0505051496540062,0.964391567095244,-0.899068544148413,2.25777078992028,3.15683933406869,2.63513513513514,1.99672492902275,0.00189985962786637,0.744885616156374,0.244537955953398,0.173333333333333,172,2024-09-19T14:02:12Z,2024-09-19T14:02:16.966667Z
0.245823550255979,0.805118377592253,0.104011757676216,1.00261705497385,-0.862768795336323,2.08429339933966,2.94706219467598,2.83783783783784,0.966079327752598,0.000458960364559203,0.851549027512426,0.132668094162493,0.186666666666667,173,2024-09-19T14:02:17Z,2024-09-19T14:02:21.966667Z
0.238203059056241,0.842667943901669,0.130196395326649,1.07359169430967,-0.844973978330818,2.48361893788977,3.32859291622059,2.83783783783784,1.96778681057422,0.00293353795825406,0.75575566195186,0.225921340378563,0.18,174,2024-09-19T14:02:22Z,2024-09-19T14:02:26.966667Z
0.113178945594723,0.695555226090063,-0.00875232978968338,0.538922671248677,-0.940965652930111,2.27585765704273,3.21682330997284,2.63513513513514,2.1277504403338,0.0235637667508028,0.750857401192331,0.216713193238213,0.126666666666667,175,2024-09-19T14:02:27Z,2024-09-19T14:02:31.966667Z
-0.00713050871284063,0.00774061146412188,-0.00685353570060577,0.00771039433474555,-0.0268025061250617,0.0135473932552435,0.0403498993803052,6.08108108108108,3.23630466161562,0.0157455115426578,0.082330879265267,0.879880919873239,0.413333333333333,176,2024-09-19T14:02:32Z,2024-09-19T14:02:36.966667Z
-0.00601323932290783,0.00773730637419525,-0.0060252199726566,0.00627857194368633,-0.0337344636949118,0.014741721014049,0.0484761847089608,5.27027027027027,3.15915297524679,0.00257264713731984,0.0695696179962917,0.899964876574119,0.36,177,2024-09-19T14:02:37Z,2024-09-19T14:02:41.966667Z
-0.00635410619440922,0.0055151606998485,-0.00581421838738255,0.00433125225167729,-0.0272132485748373,0.00615852130558747,0.0333717698804248,6.08108108108108,3.14870086455874,0.015104801835617,0.0753204735712018,0.897006489265403,0.373333333333333,178,2024-09-19T14:02:42Z,2024-09-19T14:02:46.966667Z
-0.00621262294670162,0.00579062728715748,-0.0056409943022931,0.00453794831579119,-0.0269984932554882,0.0104766108263568,0.037475104081845,6.08108108108108,3.16036717609992,0.00202878515508759,0.0815298013083983,0.888400534031056,0.373333333333333,179,2024-09-19T14:02:47Z,2024-09-19T14:02:51.966667Z
-0.00651546343850996,0.00456443759658942,-0.00632629426017972,0.00436934822740665,-0.0227389424937974,0.00557414221494312,0.0283130847087405,5.67567567567568,3.307066877485,0.0317385148182489,0.101254430791056,0.833753793736147,0.36,180,2024-09-19T14:02:52Z,2024-09-19T14:02:56.966667Z
0.0131971088186776,0.210952343086004,-0.00617332613139127,0.0290434693931602,-0.464448971845758,1.06023079059803,1.52467976244379,1.82432432432432,2.98797283740764,0.0739390139186592,0.673877205436363,0.248402020198998,0.08,181,2024-09-19T14:02:57Z,2024-09-19T14:03:01.966667Z
0.00506699515330985,0.0997613181704824,-0.0014864081399863,0.0706473648101702,-0.269487811243131,0.408761293671113,0.678249104914244,3.44594594594595,3.32380703672522,0.032618576932941,0.175787125896957,0.787666087230087,0.293333333333333,182,2024-09-19T14:03:02Z,2024-09-19T14:03:06.966667Z
0.00145021268768914,0.17248769765205,0.0409832408198164,0.130470246944388,-0.523496364044681,0.359651656572273,0.883148020616954,3.64864864864865,2.53196671013022,0.00149265942253846,0.191002539303324,0.798792270929505,0.293333333333333,183,2024-09-19T14:03:07Z,2024-09-19T14:03:11.966667Z
-0.000379139654790011,0.195141688033738,0.0478710915121716,0.149297470288944,-0.550579434265496,0.292426546978384,0.84300598124388,3.44594594594595,2.35157172074543,0.000399746149485741,0.163834434072401,0.829037513297178,0.26,184,2024-09-19T14:03:12Z,2024-09-19T14:03:16.966667Z
0.00592407843666905,0.207630721652213,0.0353039777214663,0.20981669365907,-0.519633308069834,0.364005190104197,0.883638498174031,3.64864864864865,1.95669655981837,0.000514009399527554,0.156588404494703,0.837511135607566,0.306666666666667,185,2024-09-19T14:03:17Z,2024-09-19T14:03:21.966667Z
0.0110371745380461,0.229514197837927,0.0621906117613861,0.214907151922741,-0.600083880858976,0.368897261313105,0.968981142172081,3.85135135135135,2.10773017893338,0.000124945483119777,0.114354614551829,0.879476426334625,0.266666666666667,186,2024-09-19T14:03:22Z,2024-09-19T14:03:26.966667Z
-0.00544176914831775,0.0512795898242167,-0.00468075650886052,0.0268826429440366,-0.255694676089846,0.245790311254663,0.501484987344509,4.05405405405405,3.55411879978759,0.00248720983401556,0.235898387837594,0.701910662852244,0.34,187,2024-09-19T14:03:27Z,2024-09-19T14:03:31.966667Z
-0.00647442721599485,0.0678223330326412,-0.00965103274832789,0.0689925986037081,-0.217119041853119,0.144278433733956,0.361397475587075,1.41891891891892,3.09813850283998,0.000758839104606774,0.489286280029842,0.506306492217219,0.246666666666667,188,2024-09-19T14:03:32Z,2024-09-19T14:03:36.966667Z
0.000822241603538327,0.142556900924614,0.030575000323174,0.100349648989743,-0.415352100113191,0.274558464475336,0.689910564588527,3.44594594594595,2.74440768574443,0.00115787793973858,0.20522326109226,0.769851238629514,0.286666666666667,189,2024-09-19T14:03:37Z,2024-09-19T14:03:41.966667Z
0.00916100954248116,0.197615600312281,0.052273906429459,0.185213815589001,-0.574707782000741,0.3497029951112,0.924410777111941,3.64864864864865,1.7432198939874,0.00155396635494486,0.115527106313481,0.872113563406765,0.28,190,2024-09-19T14:03:42Z,2024-09-19T14:03:46.966667Z
0.00220401854010348,0.181090200056903,0.0486429902058554,0.14753592330317,-0.484140613179868,0.280033464098412,0.76417407727828,3.64864864864865,2.32907911714472,0.00134320190788069,0.143453268769582,0.840252479816285,0.273333333333333,191,2024-09-19T14:03:47Z,2024-09-19T14:03:51.966667Z
0.00549799555167033,0.178252728582802,0.0489609000826842,0.156531807301628,-0.516908904661961,0.295571050366896,0.812479955028857,3.44594594594595,2.41112480755939,0.000313099863330078,0.167844629672531,0.821756095640246,0.266666666666667,192,2024-09-19T14:03:52Z,2024-09-19T14:03:56.966667Z
0.00125885415805358,0.18861555908132,0.0555390642414805,0.170592171221802,-0.477478902007825,0.259003727196858,0.736482629204683,3.64864864864865,2.26433245273647,0.00259935072539885,0.166219252266864,0.822906999342178,0.26,193,2024-09-19T14:03:57Z,2024-09-19T14:04:01.966667Z
0.00454500233742738,0.198225718536203,0.0660148845267837,0.173731055304085,-0.591381222808845,0.328052945733748,0.919434168542593,3.64864864864865,2.51789766375785,0.000392633034088042,0.127677574888928,0.86379580066869,0.26,194,2024-09-19T14:04:02Z,2024-09-19T14:04:06.966667Z
0.0041036907785969,0.172533283303719,0.0447205420644274,0.164385142893,-0.432506822141366,0.324314509694675,0.756821331836041,3.44594594594595,2.12008355117057,0.00169625456798686,0.134576960888587,0.854630435233812,0.28,195,2024-09-19T14:04:07Z,2024-09-19T14:04:11.966667Z
0.000824692946047324,0.170874489114469,0.0515813862180144,0.135545712313071,-0.482617422481692,0.256157353603527,0.738774776085219,3.44594594594595,1.84490374852973,0.000578660379641233,0.126046192155535,0.863001129428872,0.293333333333333,196,2024-09-19T14:04:12Z,2024-09-19T14:04:16.966667Z
0.00881567985739744,0.161078825711633,0.051235307917656,0.129208694940633,-0.410848439470629,0.313066383067564,0.723914822538193,3.44594594594595,2.33479143455432,0.00286166240591403,0.142322918422185,0.841568616897414,0.286666666666667,197,2024-09-19T14:04:17Z,2024-09-19T14:04:21.966667Z
0.00216479089404662,0.171286285878568,0.0502865450526247,0.140767305449135,-0.478401173058242,0.25251038479501,0.730911557853252,3.44594594594595,2.35868799234444,0.00221048660061601,0.16773400435803,0.816963673797438,0.3,198,2024-09-19T14:04:22Z,2024-09-19T14:04:26.966667Z
0.0058832404726583,0.175003105673926,0.0560835467737724,0.123362538093387,-0.515826069392333,0.277775686499631,0.793601755891964,3.64864864864865,2.31639873569455,0.0004987356693473,0.175953542371339,0.811762128142391,0.3,199,2024-09-19T14:04:27Z,2024-09-19T14:04:31.966667Z
0.00683487998085097,0.175215624300321,0.0669294533617015,0.109916201852273,-0.476447576595218,0.269515905928323,0.745963482523541,3.64864864864865,2.15183663875091,0.000180553219899848,0.164467300690298,0.823252061829175,0.273333333333333,200,2024-09-19T14:04:32Z,2024-09-19T14:04:36.966667Z
0.00747232080860949,0.163109256013254,0.0535338192389349,0.12261929969698,-0.482197913675385,0.253480091837093,0.735678005512478,3.44594594594595,2.33113213052099,0.00556200742679095,0.156683228174586,0.830183936553419,0.266666666666667,201,2024-09-19T14:04:37Z,2024-09-19T14:04:41.966667Z
-0.000703015075034163,0.16617782631753,0.0314506791407598,0.132853133537751,-0.441688998628154,0.242395861661908,0.684084860290062,3.64864864864865,2.36285734399437,0.00261744494956933,0.2043600806433,0.787782182081679,0.266666666666667,202,2024-09-19T14:04:42Z,2024-09-19T14:04:46.966667Z
-0.00119180794341428,0.167022135815132,0.0433740823151413,0.139353835427143,-0.462111373633633,0.279377003578331,0.741488377211964,3.44594594594595,2.48877861189946,0.000968283858358484,0.230198317676553,0.763552214618325,0.253333333333333,203,2024-09-19T14:04:47Z,2024-09-19T14:04:51.966667Z
0.00409513052042066,0.160896716766185,0.0327988129381257,0.143247793103811,-0.40992496191888,0.250404229731775,0.660329191650655,3.44594594594595,1.8912391202346,0.00357510091388034,0.194544107252451,0.78871782556344,0.24,204,2024-09-19T14:04:52Z,2024-09-19T14:04:56.966667Z
-0.000742231509494233,0.17688836769644,0.0469676752654163,0.135800548961772,-0.505632914356724,0.296914970796379,0.802547885153103,3.44594594594595,2.44767618998018,0.0022987559901414,0.188363965950226,0.800839385424053,0.26,205,2024-09-19T14:04:57Z,2024-09-19T14:05:01.966667Z
0.00778004308374937,0.194153942187248,0.0684201213240177,0.150925189151574,-0.520986042392641,0.306721367477063,0.827707409869704,3.64864864864865,1.69744120254392,0.000854100078099339,0.188086184537768,0.802484809414789,0.233333333333333,206,2024-09-19T14:05:02Z,2024-09-19T14:05:06.966667Z
0.00524555348653398,0.19393852338993,0.0501449704614988,0.173445490021799,-0.543838079968962,0.265947825020301,0.809785904989263,3.64864864864865,1.42967874315428,0.00013649815379129,0.142635571516055,0.852601713451136,0.26,207,2024-09-19T14:05:07Z,2024-09-19T14:05:11.966667Z
0.00826976950385974,0.224278043959102,0.0550834988210759,0.200980727380126,-0.580627765183283,0.443483021013403,1.02411078619669,3.64864864864865,1.90715164377705,0.000289980464374284,0.0741737266212753,0.919195430258401,0.32,208,2024-09-19T14:05:12Z,2024-09-19T14:05:16.966667Z
0.00383863249515616,0.178780764902791,0.042517755171111,0.161248865949371,-0.497263371044041,0.294931812950193,0.792195183994234,3.44594594594595,2.27786072283941,8.50860371142298e-05,0.15264105392087,0.838453794194913,0.24,209,2024-09-19T14:05:17Z,2024-09-19T14:05:21.966667Z
0.00695073189322034,0.17874860479793,0.0536119269950836,0.161046876908597,-0.502121791292516,0.261938475479098,0.764060266771614,3.44594594594595,2.21557194681424,0.00488154655738008,0.147429640638871,0.839929067518297,0.24,210,2024-09-19T14:05:22Z,2024-09-19T14:05:26.966667Z
-0.00272842386376051,0.184610248134905,0.0453211824972463,0.148946144247023,-0.502158483640237,0.23848722870156,0.740645712341797,3.44594594594595,1.90974353028502,0.00306264844733105,0.157861857707307,0.832439577011321,0.24,211,2024-09-19T14:05:27Z,2024-09-19T14:05:31.966667Z
0.00125621105366549,0.178897843060668,0.0437595879837152,0.162525114049163,-0.449210346351177,0.266391840429087,0.715602186780264,3.44594594594595,2.08923161939708,0.000536657057522389,0.174585297493707,0.818607786803429,0.246666666666667,212,2024-09-19T14:05:32Z,2024-09-19T14:05:36.966667Z
0.0102289436525223,0.179172503981476,0.043593000894845,0.177841142155971,-0.507814739003021,0.292159292030995,0.799974031034016,3.64864864864865,2.29512538685869,0.00670518457545941,0.166717420248447,0.815306193650368,0.246666666666667,213,2024-09-19T14:05:37Z,2024-09-19T14:05:41.966667Z
0.00523300027137375,0.199902054232786,0.0587115842080967,0.180565429702388,-0.517515572972994,0.278549349948823,0.796064922921817,3.64864864864865,1.62822453282776,0.000123641609875087,0.151110236267925,0.837088128987969,0.233333333333333,214,2024-09-19T14:05:42Z,2024-09-19T14:05:46.966667Z
0.0063941107429493,0.196470531132503,0.0625880554140895,0.163634816711951,-0.522427975016461,0.314427299254448,0.836855274270909,3.64864864864865,1.24732845114344,0.000259710630255392,0.153073621502665,0.840752368408158,0.24,215,2024-09-19T14:05:47Z,2024-09-19T14:05:51.966667Z
-0.00312676619528383,0.182626952137666,0.035556116958874,0.146517745882791,-0.520341829455806,0.25950683518447,0.779848664640276,3.64864864864865,2.33771309062235,0.0028430213770411,0.173670146382085,0.817646879135834,0.26,216,2024-09-19T14:05:52Z,2024-09-19T14:05:56.966667Z
-0.00985763509834417,0.0632416715227102,-0.0133759546376354,0.0578115988977,-0.175923487627073,0.166097685076142,0.342021172703215,1.41891891891892,2.97813011366235,0.00128031926036703,0.369570669201147,0.622451123251533,0.366666666666667,217,2024-09-19T14:05:57Z,2024-09-19T14:06:01.966667Z
-0.00766096959104344,0.0878607360188574,0.011702500859092,0.0677577960122356,-0.300546887330353,0.168837700298063,0.469384587628416,1.62162162162162,2.86924366917734,0.00456799054555797,0.438607089264546,0.551152455090453,0.24,218,2024-09-19T14:06:02Z,2024-09-19T14:06:06.966667Z
-0.00322811347559982,0.111948110231113,-0.00744306737439665,0.00744567315345525,-0.405091889993888,0.834121662327069,1.23921355232096,4.05405405405405,3.56888158619937,0.0198282228910885,0.371958245708441,0.604513894047896,0.293333333333333,219,2024-09-19T14:06:07Z,2024-09-19T14:06:11.966667Z
-0.00612467528633314,0.00468316464916617,-0.00607663166954881,0.00433729284745143,-0.018278273092987,0.0111630828162719,0.0294413559092589,5.06756756756757,3.19454717509482,0.0232315173521076,0.187829415465513,0.772763710978934,0.353333333333333,220,2024-09-19T14:06:12Z,2024-09-19T14:06:16.966667Z
-0.00664475587384574,0.00461232071848756,-0.00688798016810927,0.00389553494797093,-0.0201445125318129,0.0056237564732804,0.0257682690050933,5.06756756756757,3.26815073084968,0.0148304452124883,0.0869971707669359,0.825473939927349,0.393333333333333,221,2024-09-19T14:06:17Z,2024-09-19T14:06:21.966667Z
-0.00592616953113531,0.00389352574477793,-0.00572496508787524,0.00351541175703754,-0.0183057796099945,0.00640934837273166,0.0247151279827262,4.86486486486487,3.30706708922983,0.00304366130788648,0.154958159434772,0.814070022310708,0.34,222,2024-09-19T14:06:22Z,2024-09-19T14:06:26.966667Z
0.0113494325209387,0.234377672119559,-0.005714709097628,0.125230093902215,-0.576930489414448,0.671603067886108,1.24853355730056,1.82432432432432,2.60530397981688,0.00993692261682486,0.739307810082438,0.242331880046261,0.173333333333333,223,2024-09-19T14:06:27Z,2024-09-19T14:06:38.966667Z
0.0335748320394009,0.366613291124228,0.00510710280242099,0.432138924797467,-0.574195025617639,0.956985536550586,1.53118056216823,2.02702702702703,1.4356700355252,0.000230975072370081,0.727057213592537,0.266144425699907,0.2,224,2024-09-19T14:06:39Z,2024-09-19T14:06:43.966667Z
0.0351748829348768,0.362806620221816,0.0171076768469257,0.480810517201489,-0.608982747039716,0.741185172560202,1.35016791959992,2.02702702702703,1.54571104756724,6.84559631174431e-05,0.748072791394439,0.245932877276988,0.2,225,2024-09-19T14:06:44Z,2024-09-19T14:06:48.966667Z
0.0358758669531763,0.351883997943978,0.0336517282271588,0.423335944543017,-0.564282054786158,0.839602464873449,1.40388451965961,2.02702702702703,1.55229956069729,5.37002415132527e-05,0.750370948700183,0.241788728700186,0.193333333333333,226,2024-09-19T14:06:49Z,2024-09-19T14:06:53.966667Z
0.0226698486979443,0.184985933937479,-0.00692574961454973,0.0323969091052946,-0.4768991203466,0.790983420946205,1.26788254129281,1.82432432432432,3.20710046698749,0.0453458567500009,0.525817220754347,0.417088641060446,0.14,227,2024-09-19T14:06:54Z,2024-09-19T14:06:58.966667Z
-0.00794065043499058,0.00377056990170989,-0.00757184370896308,0.00335785710387365,-0.0256085706284402,-0.000534692431260031,0.0250738781971802,8.10810810810811,3.54808884359124,0.0233067093631045,0.195891319256449,0.751087833979171,0.346666666666667,228,2024-09-19T14:06:59Z,2024-09-19T14:07:03.966667Z
-0.00764668594408451,0.00389714718228911,-0.00742883714439441,0.00350759516360098,-0.0220397844220007,0.000924848600046602,0.0229646330220473,4.05405405405405,3.50730010214113,0.0132423123195459,0.140203415845173,0.813609859200154,0.333333333333333,229,2024-09-19T14:07:04Z,2024-09-19T14:07:08.966667Z
0.0248003673877256,0.196350385978377,-0.00632148879476796,0.00360593214006229,-0.547879694646937,1.18518784422071,1.73306753886765,1.82432432432432,3.2756412018829,0.0740525544365247,0.656804199613759,0.260186445677065,0.0466666666666667,230,2024-09-19T14:07:09Z,2024-09-19T14:08:00.966667Z
0.00740228668011584,0.468858324449526,-0.116526190207318,0.33264276099642,-0.659191145394076,1.32011371316104,1.97930485855512,1.62162162162162,2.71874597119693,0.000326432933957198,0.661178109496616,0.335352143067653,0.226666666666667,231,2024-09-19T14:08:01Z,2024-09-19T14:08:05.966667Z
0.00652933863399854,0.471050275985174,-0.141363664988339,0.330221888566647,-0.655946538467189,1.36529596705807,2.02124250552526,2.83783783783784,2.90509338444442,0.00225195123053968,0.687411488237892,0.308467217296511,0.166666666666667,232,2024-09-19T14:08:06Z,2024-09-19T14:08:10.966667Z
0.0303885226305454,0.464253419011234,-0.161861360027463,0.298869047005843,-0.724617657681908,1.25497176206873,1.97958941975064,2.63513513513514,2.24004664161755,0.000380476385930715,0.620461491286823,0.368776706140195,0.173333333333333,233,2024-09-19T14:08:11Z,2024-09-19T14:08:15.966667Z
0.0462444494410392,0.507849448131157,-0.0929720493155773,0.360230495143897,-0.692360025101312,1.47965242679553,2.17201245189684,2.83783783783784,2.99107101271276,0.0039582749054976,0.550333036466161,0.436024194484567,0.193333333333333,234,2024-09-19T14:08:16Z,2024-09-19T14:08:20.966667Z
0.017470672953667,0.497033572453721,-0.194714502021962,0.273486619176427,-0.593934121776972,1.27186554415811,1.86579966593508,1.62162162162162,2.38567129147898,0.000641768599160348,0.654133601985798,0.341208306136427,0.173333333333333,235,2024-09-19T14:08:21Z,2024-09-19T14:08:25.966667Z
-0.0170027704047769,0.26149050158813,-0.123132012418408,0.177623450546065,-0.390852429272668,0.820730405766672,1.21158283503934,2.22972972972973,2.9356725924435,0.0128989270533855,0.763940918928995,0.215937700144112,0.126666666666667,236,2024-09-19T14:08:26Z,2024-09-19T14:08:30.966667Z
0.0340781792691317,0.389420143181662,-0.081342000698147,0.354817897910054,-0.50708974848185,0.947425729159105,1.45451547764096,2.43243243243243,2.31105470453195,0.00331900010401804,0.689205528772231,0.304283959114048,0.166666666666667,237,2024-09-19T14:08:31Z,2024-09-19T14:08:35.966667Z
0.0534907944404704,0.480115616146458,-0.111861562340453,0.371858528500671,-0.587782227314715,1.32612968991382,1.91391191722854,1.62162162162162,3.01426625507726,0.00479678538638315,0.582612535146973,0.405300771834915,0.193333333333333,238,2024-09-19T14:08:36Z,2024-09-19T14:08:40.966667Z
-0.000350446400151397,0.460309721694063,-0.172217398570248,0.260592066028514,-0.578818427547405,1.21248882247374,1.79130725002115,1.62162162162162,2.25170132918732,0.000491969803845493,0.638779497083697,0.350862432454877,0.153333333333333,239,2024-09-19T14:08:41Z,2024-09-19T14:08:45.966667Z
0.0151596894774381,0.325948481283119,-0.0972403624365168,0.264909629160523,-0.458549002970629,1.03866964161452,1.49721864458515,2.22972972972973,2.68864570541339,0.000397875153304213,0.664961547162624,0.32655772674348,0.16,240,2024-09-19T14:08:46Z,2024-09-19T14:08:50.966667Z
0.023496683026253,0.370089927824741,-0.104150638354149,0.275677006215947,-0.541903048061717,1.02779892033524,1.56970196839696,2.63513513513514,2.60130539893796,0.00121159515795025,0.616204331240066,0.371681046952304,0.166666666666667,241,2024-09-19T14:08:51Z,2024-09-19T14:08:55.966667Z
0.0446280608952702,0.554200897483629,-0.141689404431291,0.41201744808404,-0.607008149030859,1.76645144587879,2.37345959490965,1.62162162162162,2.46722479087589,0.00442699348714396,0.588836022612683,0.398253934648133,0.14,242,2024-09-19T14:08:56Z,2024-09-19T14:09:00.966667Z
0.00540384676649817,0.490218313797498,-0.145771650076109,0.271786410403441,-0.64625445820457,1.40747601113242,2.05373046933699,1.41891891891892,2.66854062846901,0.00183548254845797,0.526369252534508,0.46330102681243,0.153333333333333,243,2024-09-19T14:09:01Z,2024-09-19T14:09:05.966667Z
0.0118762198395432,0.373227195409209,-0.0920273506177358,0.299554046588877,-0.551603522505834,1.14023957187211,1.69184309437794,2.43243243243243,2.22632204400996,0.000978962518818609,0.69210045619126,0.302808497875186,0.173333333333333,244,2024-09-19T14:09:06Z,2024-09-19T14:09:10.966667Z
0.0620353898375078,0.46572973497248,-0.0981535601224691,0.33544968826427,-0.593387182625788,1.48099653848247,2.07438372110826,2.63513513513514,2.65181209505935,0.0118827297290392,0.641115383730874,0.342136949302302,0.166666666666667,245,2024-09-19T14:09:11Z,2024-09-19T14:09:15.966667Z
0.0209247597954372,0.532735961245781,-0.170533087978904,0.323424960354745,-0.597143830095148,1.56669456235987,2.16383839245502,1.62162162162162,2.4447655027552,0.00230227734413023,0.62023913009137,0.375748056103708,0.153333333333333,246,2024-09-19T14:09:16Z,2024-09-19T14:09:20.966667Z
-0.00655996344584583,0.401069873910296,-0.12437237050671,0.25462105199074,-0.558608365250432,1.38011278559033,1.93872115084076,2.22972972972973,2.91245794760058,0.00398753910614601,0.744845333625125,0.24879028556982,0.146666666666667,247,2024-09-19T14:09:21Z,2024-09-19T14:09:25.966667Z
0.0322170706983487,0.320200376441185,-0.0883304188940418,0.260310271606723,-0.412087049338135,0.744513276232749,1.15660032557088,2.43243243243243,2.36806623768175,0.00278301969225324,0.74173096798539,0.252489966184771,0.16,248,2024-09-19T14:09:26Z,2024-09-19T14:09:30.966667Z
0.0510845324304965,0.459334761950555,-0.095624386206596,0.296112666081305,-0.592549776998759,1.60360247507177,2.19615225207053,2.63513513513514,3.00628132510843,0.00796882782762715,0.611389333605887,0.374429549506913,0.16,249,2024-09-19T14:09:31Z,2024-09-19T14:09:35.966667Z
0.0248282706326266,0.564060987131766,-0.19978174949234,0.32529040904811,-0.640524476465038,1.6441034043718,2.28462788083684,1.62162162162162,2.22776633444673,0.00353171343477462,0.563607741127469,0.430657179932617,0.12,250,2024-09-19T14:09:36Z,2024-09-19T14:09:40.966667Z
-0.00206788770487063,0.440559546957955,-0.121958757998404,0.319835221413726,-0.591049101980206,1.65949923102608,2.25054833300629,2.63513513513514,2.83399511218375,0.00378816106950974,0.691374434775595,0.296761167923597,0.193333333333333,251,2024-09-19T14:09:41Z,2024-09-19T14:09:45.966667Z
0.0360715799612031,0.375431338105848,-0.101502016448071,0.33693116287907,-0.546592187112571,0.966105543253602,1.51269773036617,2.43243243243243,2.33293535167688,0.0019077842367442,0.676263316875273,0.313495143605794,0.166666666666667,252,2024-09-19T14:09:46Z,2024-09-19T14:09:50.966667Z
0.0523309845079469,0.422233523954836,-0.0792944235374948,0.299601173724637,-0.5507134898556,1.42825302906012,1.97896651891572,2.63513513513514,3.10530516235743,0.00500978665760627,0.563189686789384,0.425116114344091,0.18,253,2024-09-19T14:09:51Z,2024-09-19T14:09:55.966667Z
0.0155933513240871,0.535460615828447,-0.173644929973308,0.348942057534512,-0.576796577917289,1.36219987618738,1.93899645410467,1.62162162162162,1.91074342100046,0.000344298926796147,0.607946945316925,0.38952307721024,0.16,254,2024-09-19T14:09:56Z,2024-09-19T14:10:00.966667Z
0.0157299481474992,0.32176531304987,-0.10283215102264,0.216095926983925,-0.423812666101865,1.33132672040874,1.75513938651061,2.43243243243243,3.02510180751564,0.00823361671152484,0.603454884138535,0.367140455835204,0.153333333333333,255,2024-09-19T14:10:01Z,2024-09-19T14:10:05.966667Z
0.0274415322310711,0.380482944920428,-0.095669461519849,0.355405385782753,-0.571549922919967,1.15452283352285,1.72607275644282,2.63513513513514,1.88059800389778,0.000307691736389097,0.741867978705192,0.252956612368551,0.166666666666667,256,2024-09-19T14:10:06Z,2024-09-19T14:10:10.966667Z
0.0466167535791641,0.465386338964957,-0.117422204480332,0.323566245989486,-0.542401416220123,1.32927835701982,1.87167977323994,1.82432432432432,2.93573002572919,0.0212689754320028,0.549567011165344,0.423514577628013,0.166666666666667,257,2024-09-19T14:10:11Z,2024-09-19T14:10:15.966667Z
0.0137357295443243,0.509179577113787,-0.152155761270152,0.308970215460549,-0.624641927967577,1.43722622828376,2.06186815625134,1.62162162162162,2.44116844915031,0.00418899236107458,0.572465219302214,0.417042706208821,0.18,258,2024-09-19T14:10:16Z,2024-09-19T14:10:20.966667Z
0.0347265375203831,0.371164618652624,-0.0672163659707381,0.353119018368563,-0.569674018574299,0.982252900721912,1.55192691929621,2.63513513513514,1.79559551738174,0.0011823982730948,0.707424275788809,0.282882168756783,0.186666666666667,259,2024-09-19T14:10:21Z,2024-09-19T14:10:25.966667Z
0.0641839140060817,0.457190883261556,-0.0752982139360193,0.288748847828111,-0.577276440045766,1.83419025292338,2.41146669296915,2.63513513513514,2.91870640505309,0.00531256915418133,0.613105635004124,0.376328701240737,0.16,260,2024-09-19T14:10:26Z,2024-09-19T14:10:30.966667Z
-0.0150326936888708,0.562158119202807,-0.225938484659042,0.311945783822533,-0.61897280860471,1.49104879719534,2.11002160580005,1.62162162162162,2.28255227758904,0.010192569232702,0.548031360898498,0.437354545965746,0.173333333333333,261,2024-09-19T14:10:31Z,2024-09-19T14:10:35.966667Z
0.0182873153054563,0.400429763072207,-0.1030126098779,0.252552910047691,-0.526525402421702,1.31686545500308,1.84339085742478,1.62162162162162,2.96037385194109,0.00574549407052928,0.64873992246922,0.339908458709486,0.16,262,2024-09-19T14:10:36Z,2024-09-19T14:10:40.966667Z
0.0394762042721007,0.375896940080068,-0.107697693160931,0.296397827735462,-0.687673844628468,1.00014372773577,1.68781757236424,2.43243243243243,2.31783061826661,0.00255605355085522,0.708920273707305,0.285246786418361,0.16,263,2024-09-19T14:10:41Z,2024-09-19T14:10:45.966667Z
0.0340816195948878,0.397310016150143,-0.0878380288909272,0.237103484038972,-0.501277121705182,1.3195354497572,1.82081257146238,1.41891891891892,2.9888957483422,0.0219757391157958,0.604703075514383,0.365950965816367,0.166666666666667,264,2024-09-19T14:10:46Z,2024-09-19T14:10:50.966667Z
0.0244251889519333,0.476732104341267,-0.174555688818262,0.271794932456792,-0.5641810094218,1.1734651588722,1.737646168294,1.41891891891892,2.37805994500085,0.00715191143100206,0.642533200644413,0.346851383536141,0.153333333333333,265,2024-09-19T14:10:51Z,2024-09-19T14:10:55.966667Z
0.0109477482888174,0.388822407428522,-0.10403672409516,0.244736919678828,-0.585114471780069,1.45149019201659,2.03660466379666,2.22972972972973,2.73526669911912,0.00310513288838145,0.66243325144467,0.330906002986702,0.146666666666667,266,2024-09-19T14:10:56Z,2024-09-19T14:11:00.966667Z
-0.00593257977358893,0.0357623765452957,-0.00781566149706053,0.0121974246599404,-0.0842148596616299,0.254031653090405,0.338246512752035,4.86486486486487,3.56704906777517,0.0252646193832157,0.214873471059828,0.74732571383687,0.333333333333333,267,2024-09-19T14:11:01Z,2024-09-19T14:11:05.966667Z
-0.00655418523706327,0.00590012991959331,-0.00573175093514628,0.00518933221944455,-0.0238352615829893,0.00865888404268711,0.0324941456256764,5.67567567567568,3.05830017271318,0.0107110897805685,0.0816017719105737,0.899023607513382,0.326666666666667,268,2024-09-19T14:11:06Z,2024-09-19T14:11:10.966667Z
-0.00687018245291119,0.00585914652043722,-0.00656859898576695,0.00490345300105656,-0.0237108353632122,0.00803861019807584,0.031749445561288,7.0945945945946,2.94603522481427,0.00139075737863513,0.0599716645840264,0.921069415476937,0.42,269,2024-09-19T14:11:11Z,2024-09-19T14:11:15.966667Z
-0.00948138999202021,0.0140136745547564,-0.00775845937451808,0.00574274545125895,-0.0709230374997895,0.0460363408903188,0.116959378390108,4.66216216216216,3.36639475023068,0.0499915392847931,0.291975722243893,0.653894027052746,0.333333333333333,270,2024-09-19T14:11:16Z,2024-09-19T14:11:25.966667Z
-0.008273930149335,0.00586710905221089,-0.00779527341428715,0.00514470029777362,-0.0290993874987966,0.0103155065949667,0.0394148940937633,5.47297297297297,3.5266093040025,0.0405371928566934,0.0860016673266022,0.852713542633296,0.373333333333333,271,2024-09-19T14:11:26Z,2024-09-19T14:11:30.966667Z
0.00254360408504055,0.191418649194564,-0.0380418584698883,0.149543010241385,-0.379064842403844,0.576594500532501,0.955659342936345,1.62162162162162,2.70087564968335,0.00296565387508041,0.729645999604425,0.264509343716088,0.126666666666667,272,2024-09-19T14:11:31Z,2024-09-19T14:11:35.966667Z
0.0215326245844763,0.225880022682796,-0.0476921763270984,0.170741664562821,-0.39500378793673,0.845450595017294,1.24045438295402,1.62162162162162,3.13840431080043,0.0380877583157911,0.601835388617989,0.355225492175463,0.166666666666667,273,2024-09-19T14:11:36Z,2024-09-19T14:11:40.966667Z
0.0325537141756094,0.181875549029844,0.0224596632374078,0.167776853390051,-0.40113962816193,0.587716185545876,0.988855813707806,2.43243243243243,3.14372443788299,0.0075704197193362,0.622876716482697,0.358367089942154,0.266666666666667,274,2024-09-19T14:11:41Z,2024-09-19T14:11:45.966667Z
0.108263317949573,0.282696607085574,0.0731948215962486,0.261246573025091,-0.618888392001739,1.0099046013339,1.62879299333564,1.82432432432432,2.87591583942335,0.142110688601506,0.619063915694363,0.2375920070576,0.186666666666667,275,2024-09-19T14:11:46Z,2024-09-19T14:11:50.966667Z
0.0351423497196876,0.193018190680902,0.0136182756164097,0.211462919389332,-0.393463413338265,0.556697426819847,0.950160840158112,1.82432432432432,2.24528523365292,0.0217313906738831,0.746872352864759,0.229184462291311,0.18,276,2024-09-19T14:11:51Z,2024-09-19T14:11:55.966667Z
0.113729658626617,0.254719077267262,0.100187682491812,0.260467233973015,-0.405922740585003,0.810741500327328,1.21666424091233,2.22972972972973,2.65387183286274,0.0106569584319082,0.820491917962459,0.164269195482602,0.206666666666667,277,2024-09-19T14:11:56Z,2024-09-19T14:12:00.966667Z
0.264766899903998,0.520201611127678,0.193951836780239,0.499384252639128,-0.638920752198379,1.73170581922172,2.3706265714201,2.22972972972973,2.60739985163396,0.0161295602158992,0.584803501950871,0.397500291682618,0.166666666666667,278,2024-09-19T14:12:01Z,2024-09-19T14:12:05.966667Z
0.264478904457788,0.398379470712866,0.169923629821785,0.420135275114602,-0.451896892260147,1.23189618656011,1.68379307882026,1.62162162162162,2.68932363558982,0.0788336123759904,0.689746250537508,0.227469740916654,0.126666666666667,279,2024-09-19T14:12:06Z,2024-09-19T14:12:10.966667Z
0.195267631031051,0.315547246421913,0.131010480024532,0.260233785435277,-0.543153144273128,1.44883509816555,1.99198824243868,1.62162162162162,2.91324029714602,0.108382947994893,0.718328080438322,0.168529164155,0.18,280,2024-09-19T14:12:11Z,2024-09-19T14:12:15.966667Z
-0.0268660136771944,0.057903494534949,-0.0237091991991218,0.0542817016358844,-0.18912232249399,0.278048035653397,0.467170358147387,5.67567567567568,3.71640430523366,0.0366068232033798,0.315944897572178,0.56650919549742,0.24,281,2024-09-19T14:12:16Z,2024-09-19T14:12:20.966667Z
0.00202283412110338,0.13539246621883,-0.0138473169159398,0.0625233302958297,-0.241483697336449,0.829536509536003,1.07102020687245,1.82432432432432,3.55135816986337,0.0648159708652532,0.445057882643675,0.467772140535862,0.3,282,2024-09-19T14:12:21Z,2024-09-19T14:12:25.966667Z
-0.0155667757031139,0.0908781929653765,-0.0123510174783962,0.0612334052249277,-0.337380456163875,0.339168709907448,0.676549166071323,3.85135135135135,3.53394235557292,0.0395590567305465,0.32281719359312,0.61724631501323,0.293333333333333,283,2024-09-19T14:12:26Z,2024-09-19T14:12:30.966667Z
-0.0207014689027606,0.0494231813232348,-0.0257584812283011,0.0391785426436095,-0.14560480015341,0.189736890306002,0.335341690459412,2.43243243243243,3.40133077576444,0.0521572734591118,0.496628201068393,0.420529073436602,0.286666666666667,284,2024-09-19T14:12:31Z,2024-09-19T14:12:35.966667Z
-0.0241049363604352,0.0437799442479844,-0.0283374504804076,0.0295505783305993,-0.178785022284943,0.129776129070384,0.308561151355327,2.22972972972973,3.35805815229876,0.0204014568741079,0.581706742559847,0.382496064959836,0.286666666666667,285,2024-09-19T14:12:36Z,2024-09-19T14:12:40.966667Z
-0.020738310835107,0.0618062689174232,-0.0226846073955433,0.0363805675000593,-0.307398553408084,0.157913105155891,0.465311658563975,1.62162162162162,3.25044450862591,0.028614106087656,0.596254070731714,0.358651681151834,0.26,286,2024-09-19T14:12:41Z,2024-09-19T14:12:45.966667Z
-0.0157922308218343,0.0689540974380177,-0.0186297550002654,0.0619387662979728,-0.206068154009723,0.232852539643381,0.438920693653104,1.62162162162162,3.41410511780897,0.105434787669621,0.428996273946968,0.45240971207504,0.253333333333333,287,2024-09-19T14:12:46Z,2024-09-19T14:12:50.966667Z
-0.0191953533081711,0.0803337662898761,-0.0218197931754181,0.0581452693671412,-0.273547157788268,0.257464021117244,0.531011178905512,1.62162162162162,3.25441102101267,0.0171494413782457,0.342719770548634,0.63607399441763,0.28,288,2024-09-19T14:12:51Z,2024-09-19T14:12:55.966667Z
-0.0148699800726763,0.0575875803068216,-0.0149903109828129,0.0430823184205179,-0.258250970596555,0.133358152424985,0.39160912302154,3.64864864864865,3.4541380754565,0.0578058062473127,0.454492406792565,0.481614834925041,0.253333333333333,289,2024-09-19T14:12:56Z,2024-09-19T14:13:00.966667Z
-0.0261906503027661,0.0445722704188444,-0.0277416245561281,0.0386006363028645,-0.137350239975458,0.108537655571535,0.245887895546993,0.810810810810811,3.38366504767497,0.038367879999813,0.408061446110431,0.539955996158545,0.286666666666667,290,2024-09-19T14:13:01Z,2024-09-19T14:13:05.966667Z
-0.0252097868689552,0.0297705150074729,-0.0238514024066789,0.0296131334560455,-0.110543951418031,0.085491198165548,0.196035149583579,3.04054054054054,3.55445618610427,0.0357046220005828,0.301727918605242,0.641680025686789,0.32,291,2024-09-19T14:13:06Z,2024-09-19T14:13:10.966667Z
-0.0258407314833836,0.030938950633221,-0.0310890055340879,0.0251222546143403,-0.100150549459693,0.0881070231397752,0.188257572599468,1.01351351351351,3.40806626063001,0.117005528205522,0.465685192849059,0.407671160590258,0.26,292,2024-09-19T14:13:11Z,2024-09-19T14:13:15.966667Z
-0.0215067484567821,0.0928248354020649,-0.024181775712706,0.0752252371248819,-0.31010608763398,0.286659630500332,0.596765718134312,1.21621621621622,3.26032784327765,0.102135809433004,0.367523501866108,0.511782474008274,0.22,293,2024-09-19T14:13:16Z,2024-09-19T14:13:20.966667Z
-0.00186126994517045,0.0631754996627313,-0.00491451641273089,0.0404062270834951,-0.184548281718678,0.231830304739525,0.416378586458203,3.04054054054054,3.26589910103859,0.0187163117801917,0.394167243348507,0.585811840417679,0.186666666666667,294,2024-09-19T14:13:21Z,2024-09-19T14:13:25.966667Z
-0.00839135559880386,0.0595170762221677,-0.0147999416067924,0.039451381618605,-0.195020361463323,0.196030187481736,0.391050548945059,1.82432432432432,3.10630946254193,0.137720693656129,0.441521086321078,0.41555500105966,0.226666666666667,295,2024-09-19T14:13:26Z,2024-09-19T14:13:30.966667Z
-0.0290127474214481,0.0567189878733543,-0.0257002486516207,0.048647089228081,-0.158094565925716,0.0970192460926356,0.255113812018352,0.810810810810811,2.96721656440327,0.154443343396514,0.636040769418056,0.204646438645224,0.193333333333333,296,2024-09-19T14:13:31Z,2024-09-19T14:13:35.966667Z
-0.02345935543346,0.0727196001666181,-0.0318987180150449,0.0561256222173691,-0.219719263675486,0.254825019818473,0.474544283493959,1.62162162162162,3.44854881907049,0.00716122067329232,0.424384785498982,0.554623762574902,0.233333333333333,297,2024-09-19T14:13:36Z,2024-09-19T14:13:40.966667Z
-0.0336572842264579,0.0633169071123853,-0.033118508906251,0.04001563339032,-0.474539211527661,0.175947544456129,0.65048675598379,5.06756756756757,3.59903313089304,0.0312099771155982,0.246749127484425,0.709637760101735,0.293333333333333,298,2024-09-19T14:13:41Z,2024-09-19T14:13:45.966667Z
-0.0260188220969588,0.0744095403530665,-0.0273558103068593,0.0465780380936547,-0.21963092567505,0.363053445878444,0.582684371553494,1.21621621621622,3.41300083799184,0.020724115813242,0.457081314576359,0.516730567008547,0.286666666666667,299,2024-09-19T14:13:46Z,2024-09-19T14:13:50.966667Z
-0.0208411413085354,0.0408239157945507,-0.0204458488381466,0.0240576757924737,-0.171813294600016,0.138664440797168,0.310477735397184,4.25675675675676,3.30713588088497,0.0158885916832966,0.237278247333988,0.73914447827635,0.3,300,2024-09-19T14:13:51Z,2024-09-19T14:13:55.966667Z
-0.0072820178511726,0.0369568282645856,-0.00894132423681127,0.0358210943104304,-0.103583038495464,0.0995892619500696,0.203172300445534,0.202702702702703,3.22416387091163,0.288440004835086,0.316846099901132,0.378928159019241,0.233333333333333,301,2024-09-19T14:13:56Z,2024-09-19T14:14:00.966667Z
-0.00717689609881288,0.0479973891226332,-0.00705677807748984,0.0435780544657292,-0.192690485148634,0.159473132986432,0.352163618135066,3.04054054054054,3.56791066551077,0.0719748929694132,0.274484431798555,0.637342675689943,0.273333333333333,302,2024-09-19T14:14:01Z,2024-09-19T14:14:05.966667Z
-0.0271447866998434,0.0603555267545759,-0.0287815967474649,0.0314249412184675,-0.237944832604942,0.333521618969128,0.57146645157407,4.05405405405405,3.51524213492157,0.00935457913591202,0.248575050198616,0.714165055307927,0.293333333333333,303,2024-09-19T14:14:06Z,2024-09-19T14:14:10.966667Z
-0.0252283891109187,0.0785879258181684,-0.0327307502419157,0.0355414101315419,-0.252236405959893,0.388847061140251,0.641083467100144,1.21621621621622,3.36140105789082,0.0204576580039805,0.509670846740789,0.463411795259057,0.333333333333333,304,2024-09-19T14:14:11Z,2024-09-19T14:14:15.966667Z
