mean_ENMO,sd_ENMO,median_ENMO,mad_ENMO,min_ENMO,max_ENMO,range_ENMO,dom_freq,spectral_entropy,energy_band_1,energy_band_2,energy_band_3,zero_crossing_rate,window_id,start_time,end_time,predicted_activity
0.0034284926269103,0.119102347536378,-0.0147088302097391,0.0231790615327134,-0.397736398699918,0.625060517129432,1.02279691582935,2.63513513513514,3.58868514621118,0.0425587714064964,0.464061508189979,0.425551312588272,0.18,1,2024-09-19T12:56:00Z,2024-09-19T12:56:04.966667Z,immobile
0.0025714736294129,0.160683718200345,-0.0103895165640718,0.0226772137824191,-0.38517365060459,0.94244977352476,1.32762342412935,1.62162162162162,2.8641822921025,0.0076705727953305,0.748091525445877,0.231966795393355,0.113333333333333,2,2024-09-19T12:56:05Z,2024-09-19T12:56:09.966667Z,inconnu
-0.0103219109168427,0.0034490198327773,-0.0105514448082931,0.0031741475258709,-0.0182493475020508,-0.000181943025,0.0180674044770507,2.02702702702703,3.27680629716551,0.0084032094644465,0.296051712566625,0.661094573140414,0.333333333333333,3,2024-09-19T12:56:10Z,2024-09-19T12:56:14.966667Z,immobile
-0.0106273076216433,0.0035960882406726,-0.010498687569708,0.0034569739013577,-0.0206780998783439,-0.0013284377247448,0.019349662153599,6.08108108108108,3.39787407306384,0.0199279769604503,0.406744937908772,0.520755009486066,0.346666666666667,4,2024-09-19T12:56:15Z,2024-09-19T12:56:19.966667Z,immobile
-0.0107029731965337,0.0028172593267569,-0.0109721236141852,0.0027884771366501,-0.0166590737660391,-0.0012880294198001,0.015371044346239,6.08108108108108,3.24780051249283,0.0391492030319916,0.229399241204119,0.666757950217009,0.353333333333333,5,2024-09-19T12:56:20Z,2024-09-19T12:56:24.966667Z,immobile
-0.0101618366622595,0.0085114605129667,-0.0100314027731032,0.0032176554053448,-0.0551700655195534,0.026525288023469,0.0816953535430224,4.86486486486487,3.73063943121408,0.0016458365095454,0.171539339601022,0.747801103778069,0.3,6,2024-09-19T12:56:25Z,2024-09-19T12:56:29.966667Z,immobile
-0.0107884162281454,0.0138743787720576,-0.0115130523226801,0.0045315775467973,-0.106075186010555,0.0781173921772354,0.18419257818779,2.02702702702703,3.80130863033161,0.0042052411015988,0.16846787263774,0.738177525882002,0.34,7,2024-09-19T12:56:30Z,2024-09-19T12:56:34.966667Z,inconnu
-0.0109244178464133,0.0033461426650208,-0.0112694522510457,0.0032558674205956,-0.0191390644304292,0.0002232410725997,0.0193623055030289,8.10810810810811,3.31496147774136,0.0760152679785122,0.237469177474277,0.654900240141271,0.346666666666667,8,2024-09-19T12:56:35Z,2024-09-19T12:56:39.966667Z,immobile
-0.0110765469152529,0.0031292835209788,-0.0115526743899116,0.0027969494641008,-0.0175330630301409,-0.0037630660644716,0.0137699969656693,6.08108108108108,3.26358476326617,0.0616613979707497,0.22906843277729,0.675080803235311,0.3,9,2024-09-19T12:56:40Z,2024-09-19T12:56:44.966667Z,immobile
-0.011916492132284,0.0036780245820963,-0.0117957541894548,0.0030233825000345,-0.0259327599115871,-0.0015547661998217,0.0243779937117653,4.05405405405405,3.3821465482873,0.0695089453784028,0.315067253534516,0.577981066694724,0.32,10,2024-09-19T12:56:45Z,2024-09-19T12:56:49.966667Z,immobile
-0.0107735348060475,0.0030033015883712,-0.0108180632111997,0.0029918397986776,-0.017906953750894,-0.0012527745378286,0.0166541792130653,6.08108108108108,3.30844432299557,0.0401979606941237,0.279598048372547,0.604889492886156,0.353333333333333,11,2024-09-19T12:56:50Z,2024-09-19T12:56:54.966667Z,immobile
-0.0121634896871581,0.0040650779017019,-0.0125928112543249,0.0038802247889416,-0.0204550754345906,0.0042904105667704,0.0247454860013611,8.51351351351351,3.55217094400761,0.0378982179138466,0.215472823478621,0.723182489954772,0.36,12,2024-09-19T12:56:55Z,2024-09-19T12:56:59.966667Z,immobile
-0.0111441154314865,0.0041555456019571,-0.0112120354351788,0.0035028552683364,-0.0227054136370984,0.0018736503937204,0.0245790640308189,2.02702702702703,3.31607468909427,0.0806693256715533,0.388828120116104,0.497966696495735,0.293333333333333,13,2024-09-19T12:57:00Z,2024-09-19T12:57:04.966667Z,immobile
-0.0105706778055023,0.0035816021662216,-0.0108663918968196,0.003142807590726,-0.0189972285757196,-7.10236456910041e-05,0.0189262049300286,2.02702702702703,3.32977263450308,0.0062997581630881,0.350611782534887,0.613966754431475,0.32,14,2024-09-19T12:57:05Z,2024-09-19T12:57:09.966667Z,immobile
-0.0113716968590264,0.0041506691427643,-0.0117490921675515,0.0040717605298578,-0.0200371221354764,0.0041926184000333,0.0242297405355098,2.02702702702703,3.25026204046979,0.02487862661712,0.306412163101938,0.64862211963729,0.32,15,2024-09-19T12:57:10Z,2024-09-19T12:57:14.966667Z,immobile
-0.0120546970346518,0.0034268957062233,-0.0125476147311231,0.0029380834061274,-0.0190143333400209,-0.0010548929198701,0.0179594404201508,2.02702702702703,3.24805116772027,0.0342945284950624,0.397914196449823,0.548987926452591,0.346666666666667,16,2024-09-19T12:57:15Z,2024-09-19T12:57:19.966667Z,immobile
-0.0126040218635278,0.0031539796958586,-0.0131085796567169,0.0029794794700293,-0.0186329621232917,-0.0017023628770935,0.0169305992461981,4.05405405405405,3.2564081150995,0.0259710384551823,0.201554191314696,0.724624947439579,0.353333333333333,17,2024-09-19T12:57:20Z,2024-09-19T12:57:24.966667Z,immobile
-0.0122165554101263,0.0029058529414636,-0.0126409115366283,0.0024318058227989,-0.0183855357790506,-0.0028396115783827,0.0155459242006679,6.08108108108108,3.37774332088495,0.0657473898349801,0.326914071395961,0.575352773499548,0.346666666666667,18,2024-09-19T12:57:25Z,2024-09-19T12:57:29.966667Z,immobile
-0.0128717901124391,0.0056794782893774,-0.0129572100814192,0.0033744373610958,-0.0621528716179366,0.0001934449767637,0.0623463165947004,5.87837837837838,3.78634060896521,0.0242635841605199,0.214079897679877,0.724103020844234,0.326666666666667,19,2024-09-19T12:57:30Z,2024-09-19T12:57:39.966667Z,immobile
-0.0116879995621463,0.0034662344489027,-0.0122861415871717,0.0027846307288839,-0.0191107189049852,0.0003734872413576,0.0194842061463429,2.02702702702703,3.07836530885258,0.0244037243159707,0.352740355737524,0.603546239761376,0.28,20,2024-09-19T12:57:40Z,2024-09-19T12:57:44.966667Z,immobile
-0.0120825090834017,0.0029368444375092,-0.0125330524615595,0.0024702263413058,-0.0180518350598048,-0.0007746223234932,0.0172772127363116,6.08108108108108,3.11069632392535,0.0156071635609453,0.194790492637826,0.741839177987374,0.346666666666667,21,2024-09-19T12:57:45Z,2024-09-19T12:57:49.966667Z,immobile
-0.0110497629425266,0.0035599348455951,-0.0115351439162844,0.0028594762227632,-0.024947066109363,0.0011829062398867,0.0261299723492497,4.05405405405405,3.3193153838209,0.0204683941431074,0.172558054945576,0.768799741953395,0.346666666666667,22,2024-09-19T12:57:50Z,2024-09-19T12:57:54.966667Z,immobile
-0.0109907047530312,0.0037971078256942,-0.0108621216849043,0.003786578184317,-0.0257947194443809,0.0013478616522726,0.0271425810966535,0.202702702702703,3.33851211523429,0.129108613654329,0.184028357703042,0.627055049729998,0.233333333333333,23,2024-09-19T12:57:55Z,2024-09-19T12:57:59.966667Z,immobile
-0.0112094866562734,0.0032762009973533,-0.0113502296253624,0.0031084884670604,-0.0185511651675894,-0.0018814886756187,0.0166696764919706,2.02702702702703,3.67146101577874,0.0719414209149907,0.18859295176953,0.713757882630903,0.333333333333333,24,2024-09-19T12:58:00Z,2024-09-19T12:58:04.966667Z,immobile
-0.0112927504917033,0.004426124128472,-0.0115209243439717,0.003810036503538,-0.0263077852480137,-0.0003838221907259,0.0259239630572877,8.10810810810811,3.2908319428447,0.0181035116780886,0.128611974201693,0.830217330673666,0.386666666666667,25,2024-09-19T12:58:05Z,2024-09-19T12:58:09.966667Z,immobile
-0.0119964514734303,0.0051929645560996,-0.0118652995853596,0.0048314073670893,-0.0250384132512399,0.0026846599428798,0.0277230731941197,4.05405405405405,3.44476260948728,0.0067624673858007,0.199188026063137,0.758241275624529,0.36,26,2024-09-19T12:58:10Z,2024-09-19T12:58:14.966667Z,immobile
-0.0124997822816432,0.0046051117932357,-0.012799586776579,0.0043049043726041,-0.0231023814425961,0.0027925120359573,0.0258948934785534,3.85135135135135,3.32967598309314,0.0367405192820015,0.182444528922975,0.761108339806477,0.36,27,2024-09-19T12:58:15Z,2024-09-19T12:58:19.966667Z,immobile
-0.011434837369132,0.0042545745828463,-0.0114748595320314,0.0036709372618587,-0.0233609068345683,0.0002236537438495,0.0235845605784179,4.05405405405405,3.45740038891794,0.0203494787136752,0.239564169832114,0.698907986242026,0.36,28,2024-09-19T12:58:20Z,2024-09-19T12:58:24.966667Z,immobile
-0.0107436672659174,0.0033448842579432,-0.010764684040757,0.0031366941174845,-0.0222952424091799,-0.0012663239499651,0.0210289184592147,2.02702702702703,3.38818333566669,0.0506638661838469,0.37294623621751,0.533630957613202,0.306666666666667,29,2024-09-19T12:58:25Z,2024-09-19T12:58:29.966667Z,immobile
-0.0111408942655958,0.0041347598338649,-0.0116741966822037,0.0032897980634673,-0.0196284359045072,0.0051146350204669,0.0247430709249742,6.08108108108108,3.57232634774319,0.0623224164065301,0.349401049910059,0.518509418568796,0.346666666666667,30,2024-09-19T12:58:30Z,2024-09-19T12:58:34.966667Z,immobile
-0.011242770609107,0.0051397697707483,-0.0115685821889402,0.0050120332616194,-0.0243665669843304,0.0043464352497246,0.0287130022340551,4.05405405405405,3.43989342570139,0.0133262222345349,0.187588846946824,0.786100571038278,0.366666666666667,31,2024-09-19T12:58:35Z,2024-09-19T12:58:39.966667Z,immobile
-0.0115840432407852,0.0036762907539379,-0.0118055362795057,0.0035408710190913,-0.0194055689213308,-0.0017272419684472,0.0176783269528836,2.02702702702703,3.38164770269977,0.0470775254728833,0.396424819654274,0.508988805380342,0.266666666666667,32,2024-09-19T12:58:40Z,2024-09-19T12:58:44.966667Z,immobile
-0.0119868449787484,0.0039324007797329,-0.0126612350570751,0.0036292513256876,-0.0221616329100574,0.0016061798383102,0.0237678127483677,2.02702702702703,3.36801809871017,0.0218665609592459,0.374989826282134,0.571342622880565,0.273333333333333,33,2024-09-19T12:58:45Z,2024-09-19T12:58:49.966667Z,immobile
-0.0125884294643905,0.0033746751758898,-0.0126264893058732,0.0031143568439871,-0.0214571504050911,-0.0025752897614521,0.0188818606436389,2.02702702702703,3.38717927950887,0.0191069702854159,0.39198185390792,0.573110656918804,0.293333333333333,34,2024-09-19T12:58:50Z,2024-09-19T12:58:54.966667Z,immobile
-0.0124773625072023,0.0035614817584433,-0.01320445190918,0.0030099112156973,-0.0215052145837208,-0.0016335937234272,0.0198716208602936,2.02702702702703,3.10714247856179,0.0150068724189205,0.3132220544764,0.619142137477045,0.32,35,2024-09-19T12:58:55Z,2024-09-19T12:58:59.966667Z,immobile
-0.0121403320582037,0.0037743980719582,-0.0124463762879146,0.0038586400900492,-0.0206109877203394,-0.0012155030321219,0.0193954846882175,6.08108108108108,3.25346683154791,0.0768721045738989,0.245729602113632,0.592126443063398,0.333333333333333,36,2024-09-19T12:59:00Z,2024-09-19T12:59:04.966667Z,immobile
-0.0122076195526216,0.0029803267776394,-0.0126584607343756,0.0028669867727803,-0.0188627521989838,-0.0014186120796373,0.0174441401193465,2.02702702702703,3.46328281582454,0.0026907529053014,0.332642470449637,0.62942632954782,0.313333333333333,37,2024-09-19T12:59:05Z,2024-09-19T12:59:09.966667Z,immobile
-0.0124021285277076,0.0041616706206695,-0.0124332531803777,0.0040172713058913,-0.0311836865794457,-0.0038855611572814,0.0272981254221643,4.05405405405405,3.83007168910246,0.0158562392700209,0.322310728673419,0.548070434685881,0.34,38,2024-09-19T12:59:10Z,2024-09-19T12:59:14.966667Z,immobile
-0.0119376656547876,0.0797421232532728,-0.0115693235321919,0.0066443745794631,-0.38276202516524,0.361059415487786,0.743821440653026,0.810810810810811,2.66666229228965,0.071560523586423,0.78991895633958,0.136681615750946,0.253333333333333,39,2024-09-19T12:59:19Z,2024-09-19T12:59:23.966667Z,inconnu
-0.012784620791928,0.0039009643582766,-0.0126867473514046,0.0038099951775787,-0.0231674837873052,-0.0030650894721814,0.0201023943151238,2.02702702702703,3.29783902076461,0.0164077992001328,0.326194816793713,0.629357870055938,0.306666666666667,40,2024-09-19T12:59:24Z,2024-09-19T12:59:28.966667Z,immobile
-0.0127519640008919,0.0046048935280501,-0.0129887967750247,0.0045962232488027,-0.0284425262445226,0.0022833058660194,0.030725832110542,6.08108108108108,3.360943092231,0.0272822363149067,0.197505756601937,0.750664417526168,0.32,41,2024-09-19T12:59:29Z,2024-09-19T12:59:33.966667Z,immobile
-0.012363554704559,0.0042646309997593,-0.0130478835326446,0.0031044608223217,-0.0270125476267887,0.005848922264805,0.0328614698915938,4.05405405405405,3.14809129384236,0.0159387369533394,0.233585320628296,0.723254142681916,0.32,42,2024-09-19T12:59:34Z,2024-09-19T12:59:38.966667Z,immobile
-0.0119487776616442,0.004755851902785,-0.0120728765225968,0.002954447534191,-0.0422470034760285,0.0074512653281246,0.0496982688041532,4.05405405405405,3.6324204939966,0.0158951688039002,0.169920986568344,0.768725965312395,0.386666666666667,43,2024-09-19T12:59:39Z,2024-09-19T12:59:43.966667Z,immobile
-0.0127126561629015,0.0047837824752845,-0.0119981813733107,0.0034663739374702,-0.0343202202269877,0.0030128288163495,0.0373330490433373,4.45945945945946,3.36112050604812,0.0240160471451442,0.117101667480012,0.839729897944437,0.36,44,2024-09-19T12:59:44Z,2024-09-19T12:59:48.966667Z,immobile
-0.0126575076886796,0.0048392204799653,-0.0122851135149852,0.0030463808291378,-0.0503907258466878,0.0016153623157255,0.0520060881624134,5.47297297297297,3.72055193418072,0.0673558732232774,0.168251758484512,0.739560204832124,0.34,45,2024-09-19T12:59:49Z,2024-09-19T13:00:01.966667Z,immobile
-0.0119858092412396,0.0034050776335015,-0.0121775498949109,0.0033966384938908,-0.0189785726615507,-0.0016965531147162,0.0172820195468344,4.05405405405405,3.15699707473814,0.0612303192075186,0.201384221371078,0.718297959257298,0.32,46,2024-09-19T13:00:02Z,2024-09-19T13:00:06.966667Z,immobile
-0.0118682656518107,0.0058577275697839,-0.0121430163812977,0.0048863423571055,-0.029724153652592,0.011921535349575,0.041645689002167,4.05405405405405,3.2673917332552,0.035365512507463,0.155844648777021,0.801187339940626,0.333333333333333,47,2024-09-19T13:00:07Z,2024-09-19T13:00:11.966667Z,immobile
-0.0118843340883384,0.0028765294839939,-0.0123201812364379,0.0027927150508583,-0.0177719571871918,-0.0037977853446272,0.0139741718425645,6.08108108108108,3.51441237477032,0.0325662863049133,0.259381062964688,0.661088903799478,0.346666666666667,48,2024-09-19T13:00:12Z,2024-09-19T13:00:16.966667Z,immobile
-0.0120808606814112,0.0032054691993135,-0.0123816468363947,0.0027736399660322,-0.0208438755841865,-0.0031200121608205,0.0177238634233659,2.02702702702703,3.26863946314563,0.0104176036735646,0.323775208509567,0.619198955859038,0.32,49,2024-09-19T13:00:17Z,2024-09-19T13:00:21.966667Z,immobile
-0.0122326912117088,0.0051071307107132,-0.0125281320960259,0.0034475861241336,-0.0286419877007108,0.0085082197128876,0.0371502074135984,4.05405405405405,3.46846755261469,0.0173728893200393,0.139719035967278,0.824389567279057,0.32,50,2024-09-19T13:00:22Z,2024-09-19T13:00:26.966667Z,immobile
-0.0123454892102463,0.0033795072704743,-0.0122386796110531,0.0032659682807205,-0.0226307471280222,-0.0027038583198038,0.0199268888082184,4.05405405405405,3.5152500386225,0.0267392371538183,0.241886754362607,0.7084779131857,0.32,51,2024-09-19T13:00:27Z,2024-09-19T13:00:31.966667Z,immobile
-0.0120498175887011,0.0024475289834315,-0.0122084346760736,0.0022049035789869,-0.0193057595383597,-0.0035221351347056,0.015783624403654,4.05405405405405,3.20228680581687,0.0362100919279176,0.184636683248821,0.729331467289728,0.386666666666667,52,2024-09-19T13:00:32Z,2024-09-19T13:00:36.966667Z,immobile
-0.0122926593971802,0.0051097346433914,-0.0121613853203294,0.0028889013877096,-0.0516490369491883,0.0001137135957227,0.0517627505449111,5.27027027027027,3.70878381789003,0.0526140060977673,0.176723631332353,0.716755529972306,0.38,53,2024-09-19T13:00:37Z,2024-09-19T13:01:16.966667Z,immobile
-0.0122377712505499,0.0036285973874972,-0.0124275635835862,0.0035450605762336,-0.0221989156093115,-0.0012054989079332,0.0209934167013783,2.02702702702703,3.52527330980064,0.0515932989561908,0.23577253120296,0.680708720372584,0.32,54,2024-09-19T13:01:17Z,2024-09-19T13:01:21.966667Z,immobile
-0.0124234621503447,0.0027723161800481,-0.0126210654279291,0.0025930206794213,-0.0185571576051822,-0.0027459404996699,0.0158112171055123,6.08108108108108,3.20158620202878,0.0870044885152055,0.234786830969144,0.651593010536033,0.32,55,2024-09-19T13:01:22Z,2024-09-19T13:01:26.966667Z,immobile
-0.011601738814205,0.0064820535641009,-0.0121117954434782,0.0030217459463766,-0.0623563158879302,0.0043243972298256,0.0666807131177559,1.82432432432432,3.7178626278408,0.0212725660245947,0.338011981017413,0.624183752996256,0.28,56,2024-09-19T13:01:27Z,2024-09-19T13:02:15.966667Z,immobile
-0.0117492947541505,0.0062581360639656,-0.0121491498369617,0.0041349792012483,-0.0322522021892133,0.0082119099758644,0.0404641121650777,4.25675675675676,3.42223587437416,0.0348673767201733,0.204589239397255,0.740568581224599,0.306666666666667,57,2024-09-19T13:02:16Z,2024-09-19T13:02:20.966667Z,immobile
-0.0121173420438321,0.0033393253565602,-0.0125941512588616,0.0025124327457364,-0.0249007917497277,0.0054602008279334,0.0303609925776611,6.08108108108108,3.19830027349598,0.0124531892084865,0.152563260539514,0.809771817262701,0.346666666666667,58,2024-09-19T13:02:21Z,2024-09-19T13:02:25.966667Z,immobile
-0.0124418244734289,0.0061650898836406,-0.0120705391814901,0.0038523902130703,-0.0602381168089697,0.0031156192620702,0.06335373607104,5.47297297297297,3.69853080736362,0.0465854586728806,0.24319709914924,0.696149067102772,0.32,59,2024-09-19T13:02:26Z,2024-09-19T13:03:09.966667Z,immobile
-0.0117894144801014,0.0103509241679155,-0.0118885778056693,0.0048416398036511,-0.0480089338124534,0.0336531224465515,0.0816620562590049,2.02702702702703,3.34361443663206,0.0344834503434301,0.468931071231284,0.488745429051966,0.253333333333333,60,2024-09-19T13:03:10Z,2024-09-19T13:03:14.966667Z,immobile
0.002082773364373,0.157799266153966,-0.0399156232423006,0.0996567650830075,-0.226032870475297,0.641833051121615,0.867865921596912,1.62162162162162,2.73647052643649,0.0005349132770194,0.574950649351973,0.419580731405477,0.166666666666667,61,2024-09-19T13:03:15Z,2024-09-19T13:03:19.966667Z,marche
0.0070749645536578,0.183872738515713,-0.0628165917622929,0.135214147393039,-0.213467341377474,0.628506974899553,0.841974316277027,1.62162162162162,2.21173858650218,0.0014617743314823,0.640939557470661,0.355253173033505,0.126666666666667,62,2024-09-19T13:03:20Z,2024-09-19T13:03:24.966667Z,escalier
0.0019890063326601,0.166085404209636,-0.0510188934946586,0.0967115548940614,-0.235661609898441,0.661574597662944,0.897236207561385,1.41891891891892,2.55262459870696,0.0016498098095934,0.624350962271723,0.370630921968983,0.126666666666667,63,2024-09-19T13:03:25Z,2024-09-19T13:03:29.966667Z,inconnu
0.0090448936157708,0.198766012503528,-0.0693329275394302,0.118385421023036,-0.25285300909573,0.669373996989752,0.922227006085482,1.62162162162162,2.63236692219591,0.0041701271137537,0.573734315843528,0.415544460962401,0.113333333333333,64,2024-09-19T13:03:30Z,2024-09-19T13:03:34.966667Z,escalier
0.0068780482693533,0.191056907235834,-0.0725399013074907,0.127872423348489,-0.224228614887914,0.633412652596823,0.857641267484737,1.62162162162162,2.40962541128524,0.0009747852400629,0.678985439487615,0.315395290208223,0.14,65,2024-09-19T13:03:35Z,2024-09-19T13:03:39.966667Z,inconnu
0.0022626761578334,0.172350217712628,-0.0578258485820773,0.14151352703317,-0.241287603905205,0.58947077042149,0.830758374326695,1.41891891891892,2.48853507937614,0.0003715751219904,0.699854960635298,0.295483439113637,0.14,66,2024-09-19T13:03:40Z,2024-09-19T13:03:44.966667Z,marche
0.0005156951196375,0.173229531615722,-0.0675091391817202,0.136912504435814,-0.27530824109259,0.541133746044213,0.816441987136803,1.41891891891892,2.10245125768696,0.0026676668505467,0.81371246189345,0.181165694267164,0.106666666666667,67,2024-09-19T13:03:45Z,2024-09-19T13:03:49.966667Z,inconnu
0.0155534191893873,0.163879700486423,-0.0310810243979293,0.104144449888101,-0.243764693755017,0.619579146729851,0.863343840484868,1.62162162162162,2.83925888659063,0.0045489100943571,0.603183553779106,0.388236103921054,0.186666666666667,68,2024-09-19T13:03:50Z,2024-09-19T13:03:54.966667Z,marche
-0.0012520317589006,0.174857548481693,-0.055375319315374,0.101410639575516,-0.207518959778068,0.649065431931912,0.85658439170998,1.62162162162162,2.79886467267055,0.0048791844992255,0.579409349658388,0.409985009199342,0.14,69,2024-09-19T13:03:55Z,2024-09-19T13:03:59.966667Z,escalier
0.0101160071692143,0.198710461505067,-0.0538853517128593,0.155227901571741,-0.300967225581762,0.769535292049447,1.07050251763121,1.41891891891892,2.74887699489943,0.0012327307075805,0.610118087560501,0.37922339567668,0.14,70,2024-09-19T13:04:00Z,2024-09-19T13:04:04.966667Z,marche
-0.0009978853593056,0.196826267436878,-0.0721335593845656,0.181434511980456,-0.307870433531153,0.642044569562646,0.949915003093799,1.62162162162162,2.27889826683233,0.0049787087081739,0.800187468557236,0.191610721543331,0.14,71,2024-09-19T13:04:05Z,2024-09-19T13:04:09.966667Z,marche
0.015444782543653,0.193534468381593,-0.0531871349276203,0.152539368861675,-0.256710973783836,0.713546083742983,0.970257057526819,1.41891891891892,2.54511548298987,0.0086638932661357,0.684925252628492,0.301783850133753,0.14,72,2024-09-19T13:04:10Z,2024-09-19T13:04:14.966667Z,marche
0.0048271526808217,0.208819688501779,-0.0794123648824489,0.159134023481953,-0.24022006224317,0.789518312066694,1.02973837430986,1.41891891891892,2.47505814899172,0.0053891315688008,0.723509205168137,0.264209298916887,0.126666666666667,73,2024-09-19T13:04:15Z,2024-09-19T13:04:19.966667Z,inconnu
0.0018730630333627,0.21588720993404,-0.0697697258189098,0.173371706921292,-0.24759971581856,0.752424098682222,1.00002381450078,1.41891891891892,2.24055193183984,0.0022821324617056,0.745862839287213,0.248254650574778,0.14,74,2024-09-19T13:04:20Z,2024-09-19T13:04:24.966667Z,inconnu
0.0168470190325465,0.219963401906544,-0.0485417595942095,0.207670557216014,-0.264589050082639,0.684111569780051,0.94870061986269,1.41891891891892,2.21817334297006,0.0126611138864213,0.756974729152854,0.225741839630512,0.153333333333333,75,2024-09-19T13:04:25Z,2024-09-19T13:04:29.966667Z,marche
-0.0022665151880565,0.238614718677498,-0.101028564527756,0.167519481617511,-0.29327198913272,0.82183721358234,1.11510920271506,1.62162162162162,2.2769888714922,0.0122856800725917,0.752849795374473,0.229913678302761,0.153333333333333,76,2024-09-19T13:04:30Z,2024-09-19T13:04:34.966667Z,escalier
0.0102495403331077,0.238404161116956,-0.0981041244556358,0.191588847401551,-0.321157141676776,0.85312086137059,1.17427800304737,1.62162162162162,2.23506184417322,0.0015888560515326,0.767193791915897,0.228068599829212,0.14,77,2024-09-19T13:04:35Z,2024-09-19T13:04:39.966667Z,inconnu
0.0066067921921284,0.194716907326762,-0.032760129402984,0.15978049620897,-0.258729513902921,0.574427683104952,0.833157197007873,1.62162162162162,2.53221626268591,0.0010544935024486,0.72840237258712,0.263276568981141,0.166666666666667,78,2024-09-19T13:04:40Z,2024-09-19T13:04:44.966667Z,marche
0.0058264664633581,0.181479511025867,-0.0557753653913378,0.114024393708113,-0.220695506206011,0.717272590864299,0.93796809707031,1.41891891891892,2.08042856844857,0.0010568764150646,0.736865547007403,0.255695628950151,0.153333333333333,79,2024-09-19T13:04:45Z,2024-09-19T13:04:49.966667Z,inconnu
0.0030839062492486,0.174525227705763,-0.0408562014384912,0.124559924645705,-0.339033719020872,0.573521961258878,0.91255568027975,1.41891891891892,2.2067461750602,0.0006054046131324,0.742961353071598,0.251793995557806,0.146666666666667,80,2024-09-19T13:04:50Z,2024-09-19T13:04:54.966667Z,marche
0.017634427686684,0.193463693580453,-0.0572583600778553,0.159614056353924,-0.260789401238421,0.625858382100535,0.886647783338956,1.41891891891892,1.94407871717466,0.0113656368778026,0.805281165129519,0.178845694611948,0.133333333333333,81,2024-09-19T13:04:55Z,2024-09-19T13:04:59.966667Z,inconnu
0.0040509538099416,0.21597721685331,-0.0781094092792332,0.179039273133902,-0.283500134318298,0.744471561605256,1.02797169592355,1.62162162162162,2.46177330337825,0.0019920595702242,0.745879029057706,0.243942136197379,0.14,82,2024-09-19T13:05:00Z,2024-09-19T13:05:04.966667Z,marche
0.0101557772876196,0.243511456855059,-0.0513068760801311,0.266305937604432,-0.417668530949614,0.758884718856938,1.17655324980655,1.62162162162162,1.76967076391119,0.0011534339143882,0.862670962103039,0.129864771628513,0.133333333333333,83,2024-09-19T13:05:05Z,2024-09-19T13:05:09.966667Z,inconnu
-0.001053003834552,0.19576943754981,-0.0694772441170714,0.181935713853777,-0.289148953686549,0.605396256652624,0.894545210339173,1.41891891891892,2.37722481159911,0.0100856515608338,0.797005902468195,0.189167516171935,0.14,84,2024-09-19T13:05:10Z,2024-09-19T13:05:14.966667Z,marche
0.0158346031505868,0.185227697205206,-0.0240961743440584,0.182374920947128,-0.256348487301485,0.651066932353237,0.907415419654722,1.41891891891892,2.4408322776414,0.0148613974987329,0.752105330105199,0.230012992028124,0.146666666666667,85,2024-09-19T13:05:15Z,2024-09-19T13:05:19.966667Z,marche
0.0021733618279516,0.191675372587454,-0.0778242407192576,0.161243436516264,-0.270843942059293,0.664286551939637,0.93513049399893,1.62162162162162,2.3690234675963,0.0068581592186659,0.774533166502983,0.214429979630037,0.153333333333333,86,2024-09-19T13:05:20Z,2024-09-19T13:05:24.966667Z,marche
0.0144929704928383,0.185361104930478,-0.0325676139454968,0.192256659853734,-0.263874636095741,0.654724591849028,0.918599227944769,1.62162162162162,2.42802690798811,0.0043510672798685,0.774177216841799,0.215962625936788,0.146666666666667,87,2024-09-19T13:05:25Z,2024-09-19T13:05:29.966667Z,marche
-0.0001281998903051,0.154902088017045,-0.0203798512388989,0.174505524757265,-0.228735390393461,0.450092519633034,0.678827910026495,1.41891891891892,2.27837241291553,0.0102626010187719,0.825350893040838,0.157196548005454,0.153333333333333,88,2024-09-19T13:05:30Z,2024-09-19T13:05:34.966667Z,marche
0.0146362863125126,0.195772408655208,-0.0615122584235113,0.168391492867073,-0.240092722021506,0.790273570240854,1.03036629226236,1.62162162162162,2.66805751924356,0.0150756096239491,0.67321996789666,0.306956553213416,0.133333333333333,89,2024-09-19T13:05:35Z,2024-09-19T13:05:39.966667Z,marche
-0.00268176586564,0.185610474899512,-0.0771452902201725,0.149889431303523,-0.239266612838755,0.604311611294743,0.843578224133498,1.41891891891892,2.32476119041082,0.0043949962671526,0.737862792314506,0.252334682020034,0.146666666666667,90,2024-09-19T13:05:40Z,2024-09-19T13:05:44.966667Z,marche
0.0027673439974373,0.181175374506789,-0.0677638543308142,0.168272670024943,-0.238493744864795,0.570028432186338,0.808522177051133,1.41891891891892,2.02857670178678,0.0021512537338011,0.814278989519178,0.177332957535494,0.153333333333333,91,2024-09-19T13:05:45Z,2024-09-19T13:05:49.966667Z,marche
0.005177008662878,0.17336076425584,-0.058609536465786,0.137099095382001,-0.241491000038219,0.636634131239957,0.878125131278176,1.41891891891892,2.48556191513724,0.0013153952164132,0.623763028744602,0.370985343227827,0.126666666666667,92,2024-09-19T13:05:50Z,2024-09-19T13:05:54.966667Z,inconnu
0.0043810264791357,0.162505952896872,-0.0589178907471484,0.131255083780653,-0.203879567463597,0.643607321340068,0.847486888803665,1.41891891891892,2.28336509996352,0.0011889019037265,0.744022153059987,0.249606903090826,0.133333333333333,93,2024-09-19T13:05:55Z,2024-09-19T13:05:59.966667Z,marche
0.0044607102547634,0.1858947265743,-0.0632460965810607,0.126722318826821,-0.295283191670514,0.615258374272593,0.910541565943107,1.41891891891892,2.2802638226385,0.0002421172342128,0.648268677010689,0.348252757849939,0.186666666666667,94,2024-09-19T13:06:00Z,2024-09-19T13:06:04.966667Z,marche
0.0100588946666446,0.248275594689507,-0.0748792827863089,0.206840925705851,-0.403903105364497,0.739396340780314,1.14329944614481,1.62162162162162,1.76878727491305,0.0015287318252079,0.774859244239621,0.217010808667499,0.146666666666667,95,2024-09-19T13:06:05Z,2024-09-19T13:06:09.966667Z,escalier
0.0034109695452204,0.251245922074977,-0.10695687973899,0.155508549639273,-0.379207461694239,0.881469114545795,1.26067657624003,1.62162162162162,2.10541798543274,0.0016950146761586,0.665032319651911,0.328280675841951,0.153333333333333,96,2024-09-19T13:06:10Z,2024-09-19T13:06:14.966667Z,escalier
-0.0152392867490227,0.0156262778673736,-0.0141030149396522,0.0062851737888719,-0.111931322463715,0.0574849005456233,0.169416223009338,4.05405405405405,3.65822801749137,0.052514015484148,0.269930594519373,0.617570955256065,0.266666666666667,97,2024-09-19T13:06:15Z,2024-09-19T13:06:19.966667Z,immobile
-0.0148324135952591,0.0038322494955234,-0.0154552640829659,0.0031858911180514,-0.0229500506935321,0.001250171051943,0.0242002217454751,2.02702702702703,2.93913197300767,0.0195754498589614,0.374151662771968,0.588999654694995,0.226666666666667,98,2024-09-19T13:06:20Z,2024-09-19T13:06:24.966667Z,immobile
-0.0116587231381523,0.0286396779656182,-0.0152403293603204,0.0054067213251004,-0.0863918573903956,0.142591307812027,0.228983165202423,1.21621621621622,3.43959281440268,0.0595868729734796,0.56519690699087,0.356360610637866,0.166666666666667,99,2024-09-19T13:06:25Z,2024-09-19T13:06:47.966667Z,immobile
-0.0011454618687389,0.106832192909774,-0.0364786054719941,0.0419726970131824,-0.172653452441372,0.413825728376452,0.586479180817824,1.01351351351351,2.83747971289778,0.0027677799607087,0.59403455589908,0.399862602088937,0.133333333333333,100,2024-09-19T13:06:48Z,2024-09-19T13:06:52.966667Z,marche
0.0021136862581541,0.139404998044001,-0.0423025246090143,0.0380205992735187,-0.236654435013683,0.586744106510363,0.823398541524046,1.01351351351351,3.2159160362025,0.0009247188590219,0.403615373370533,0.588898712825033,0.16,101,2024-09-19T13:06:53Z,2024-09-19T13:06:57.966667Z,marche
0.0037425965551984,0.136279404992675,-0.0355220120593994,0.0310637454913274,-0.350404478171046,0.646378751975252,0.996783230146298,1.01351351351351,3.11020780828363,0.000876696995043,0.422790284350382,0.56964791164273,0.133333333333333,102,2024-09-19T13:06:58Z,2024-09-19T13:07:02.966667Z,marche
-0.0007741771871592,0.133068658614346,-0.0409963983951369,0.0447027398349871,-0.241112445718619,0.558964204043829,0.800076649762448,1.01351351351351,2.92071828712363,0.0008576131589166,0.448596660835916,0.546651646112222,0.133333333333333,103,2024-09-19T13:07:03Z,2024-09-19T13:07:07.966667Z,marche
-0.0012310978105081,0.126945931543082,-0.0460478235672919,0.0467032321455684,-0.206593403436446,0.528042105948696,0.734635509385142,1.01351351351351,2.8822339598678,0.0007360606235886,0.52061832560688,0.466038922963859,0.146666666666667,104,2024-09-19T13:07:08Z,2024-09-19T13:07:12.966667Z,marche
-0.0010495483956926,0.150115071686754,-0.0452169920829653,0.0409258963199989,-0.264702052577003,0.702534053269425,0.967236105846428,1.01351351351351,2.6412898281983,0.0002195387427498,0.429309744392804,0.567120073201176,0.133333333333333,105,2024-09-19T13:07:13Z,2024-09-19T13:07:17.966667Z,marche
0.0023360787694183,0.15118426016511,-0.0392546886385723,0.0416414315856072,-0.317965631111153,0.859528623120233,1.17749425423139,1.01351351351351,2.82491592377099,0.0008595003684265,0.415354700486897,0.578307715907578,0.126666666666667,106,2024-09-19T13:07:18Z,2024-09-19T13:07:22.966667Z,marche
-0.0024668076951256,0.13744428727916,-0.0429089042307428,0.0490745673298226,-0.251076575178482,0.578212461818834,0.829289036997316,1.01351351351351,3.04566886159196,0.0007464089691084,0.479065108708732,0.516675381067591,0.146666666666667,107,2024-09-19T13:07:23Z,2024-09-19T13:07:27.966667Z,marche
-0.0006840303951031,0.130997571175574,-0.0387325409472339,0.0399091234146094,-0.274640881704531,0.585312111094058,0.859952992798589,1.01351351351351,2.89211765848809,0.0005549276200059,0.422093931491929,0.574240701967876,0.133333333333333,108,2024-09-19T13:07:28Z,2024-09-19T13:07:32.966667Z,marche
-0.0038677543040772,0.133366551522146,-0.0478711016545863,0.0432148094997521,-0.172380372596747,0.751724385302603,0.92410475789935,1.01351351351351,2.95652134119916,0.001809682138131,0.537983318735725,0.45642480541084,0.133333333333333,109,2024-09-19T13:07:33Z,2024-09-19T13:07:37.966667Z,inconnu
0.0077728718214794,0.160105859855271,-0.0452293113375174,0.060285446326084,-0.245028721826077,0.65605101809937,0.901079739925447,1.01351351351351,2.89562010542412,0.0073332811944218,0.44674760252909,0.540896347176572,0.14,110,2024-09-19T13:07:38Z,2024-09-19T13:07:42.966667Z,marche
-0.0011028292429903,0.130714116309215,-0.0406500462839037,0.0506782471236735,-0.186781141061976,0.553690995693538,0.740472136755514,1.01351351351351,2.97232357691212,0.011007541011465,0.52672582124709,0.452332708358245,0.133333333333333,111,2024-09-19T13:07:43Z,2024-09-19T13:07:47.966667Z,inconnu
0.0051751607529663,0.144025231288369,-0.0375027671912508,0.0644919200199843,-0.158937637341431,0.62476671694979,0.783704354291221,1.21621621621622,2.96794653994894,0.0046534097774443,0.572605616725701,0.419433244994902,0.153333333333333,112,2024-09-19T13:07:48Z,2024-09-19T13:07:52.966667Z,marche
-0.0035909435036707,0.128077773346488,-0.0435033118355547,0.0535692463622083,-0.163380676345645,0.524783942251485,0.68816461859713,1.21621621621622,2.92052725294291,0.0059499334744658,0.566316112502129,0.425231469960994,0.18,113,2024-09-19T13:07:53Z,2024-09-19T13:07:57.966667Z,marche
0.0055499070938322,0.127708522385207,-0.042666078969941,0.064223380116612,-0.142448660909502,0.483773478156119,0.626222139065621,1.21621621621622,2.85886332009895,0.0056330674310152,0.672910750136427,0.319958276176298,0.12,114,2024-09-19T13:07:58Z,2024-09-19T13:08:02.966667Z,marche
0.006083654808419,0.160877152726934,-0.0573836538171385,0.0678323111509204,-0.157861138651476,0.593292468596257,0.751153607247733,1.21621621621622,2.49358859944653,0.0016269746112624,0.648295771450801,0.347304231616096,0.153333333333333,115,2024-09-19T13:08:03Z,2024-09-19T13:08:07.966667Z,inconnu
-0.0028281151750852,0.143411841090437,-0.0475063504548356,0.0590746847360703,-0.221916473291202,0.601361517390738,0.82327799068194,1.01351351351351,2.85604435633538,0.012703928639953,0.659330371487721,0.322427813372523,0.133333333333333,116,2024-09-19T13:08:08Z,2024-09-19T13:08:12.966667Z,marche
0.009676978838825,0.132115017817352,-0.0364719929942459,0.0540501385269918,-0.16781530575869,0.57529260138302,0.74310790714171,2.22972972972973,2.96729766430221,0.0080378781034201,0.649564091991501,0.333217968056793,0.153333333333333,117,2024-09-19T13:08:13Z,2024-09-19T13:08:17.966667Z,inconnu
-0.0023710196122372,0.13904035662633,-0.0473069643281094,0.0595806247199347,-0.190571925342293,0.55968463387675,0.750256559219043,1.01351351351351,3.12368627634164,0.0062056441431687,0.588916839613614,0.391091221443994,0.18,118,2024-09-19T13:08:18Z,2024-09-19T13:08:22.966667Z,inconnu
0.0070348030217869,0.151539344119641,-0.0485088455139883,0.055278144883006,-0.189608334675808,0.608749829042712,0.79835816371852,1.21621621621622,2.83349369484483,0.0038429581395101,0.567822542439168,0.425498354266119,0.173333333333333,119,2024-09-19T13:08:23Z,2024-09-19T13:08:27.966667Z,inconnu
-0.000801289764646,0.133084806899773,-0.0444136922310733,0.0561392307217714,-0.241166055702853,0.561492549667529,0.802658605370382,1.01351351351351,3.05941128144257,0.0040494684213374,0.615537893721518,0.377662033526877,0.14,120,2024-09-19T13:08:28Z,2024-09-19T13:08:32.966667Z,marche
-0.0015036979307225,0.1140489637059,-0.0304534224812745,0.0500805798169242,-0.191292961337972,0.580540527608249,0.771833488946221,1.01351351351351,2.85474039614186,0.0007330981526634,0.557145985521652,0.439624305120031,0.153333333333333,121,2024-09-19T13:08:33Z,2024-09-19T13:08:37.966667Z,marche
-0.0009216613698711,0.116938353602648,-0.0300994961822543,0.0397025648112597,-0.287592710987002,0.572994366519582,0.860587077506584,2.83783783783784,3.10709691966664,0.0004475072473671,0.513087446956231,0.47401794747407,0.153333333333333,122,2024-09-19T13:08:38Z,2024-09-19T13:08:42.966667Z,marche
-0.0029812772507016,0.124308311974456,-0.0365261070026132,0.0377666073366897,-0.234085414077283,0.625102774626251,0.859188188703534,1.01351351351351,3.37369121417244,0.0039912697398531,0.422958053125409,0.557929168504997,0.153333333333333,123,2024-09-19T13:08:43Z,2024-09-19T13:08:47.966667Z,marche
0.0045069176216388,0.153995783630476,-0.0422193822122189,0.026861485730184,-0.192470176712206,0.746432764106343,0.938902940818549,1.01351351351351,2.94949789575069,0.0004510295429948,0.396731994920514,0.59360713665384,0.16,124,2024-09-19T13:08:48Z,2024-09-19T13:08:52.966667Z,marche
-2.05974822458665e-05,0.147534499218704,-0.0385486438070956,0.0615855327508165,-0.273260980630711,0.678878183607686,0.952139164238397,3.04054054054054,2.92579885890619,0.0020072365593427,0.333216138130413,0.660694924896326,0.16,125,2024-09-19T13:08:53Z,2024-09-19T13:08:57.966667Z,marche
0.0095150595257686,0.137523890584043,-0.0280592949746394,0.0446626932116646,-0.253243481683677,0.711423913836799,0.964667395520476,1.01351351351351,3.1806588531022,0.0057909890433346,0.413895658711034,0.572126446084187,0.153333333333333,126,2024-09-19T13:08:58Z,2024-09-19T13:09:02.966667Z,marche
0.008081975353836,0.144214841698434,-0.0348824323845096,0.0509039318878428,-0.281618364947033,0.652757015106519,0.934375380053552,1.01351351351351,2.73871367928834,0.0084911997944104,0.468684518942782,0.519028266052323,0.146666666666667,127,2024-09-19T13:09:03Z,2024-09-19T13:09:07.966667Z,marche
-0.0023858264578954,0.14448904198724,-0.0308033642280917,0.0385327329874243,-0.389727625133811,0.677494793878374,1.06722241901219,3.04054054054054,2.94766387775274,0.009714608209374,0.308882684142846,0.678394340161803,0.16,128,2024-09-19T13:09:08Z,2024-09-19T13:09:12.966667Z,marche
-6.63480335452936e-05,0.140472433608895,-0.0267186524887012,0.0561551378403211,-0.347569230294018,0.711370678080132,1.05893990837415,3.24324324324324,3.22796475134589,0.0028302629897983,0.341298114712797,0.653870202343564,0.186666666666667,129,2024-09-19T13:09:13Z,2024-09-19T13:09:17.966667Z,marche
0.0024585705986073,0.156125120380705,-0.0284405090194498,0.0530361220575189,-0.366217093025039,0.711316586058628,1.07753367908367,3.85135135135135,3.30634012174714,0.0040201024665443,0.310530357627402,0.681584815948458,0.16,130,2024-09-19T13:09:18Z,2024-09-19T13:09:22.966667Z,marche
-0.0042955481436343,0.142223749527783,-0.0299854123318484,0.0431516389734361,-0.355456049918983,0.837969476423362,1.19342552634235,2.83783783783784,3.33245735984189,0.0038513152239289,0.348785767005241,0.643453091239237,0.173333333333333,131,2024-09-19T13:09:23Z,2024-09-19T13:09:27.966667Z,marche
0.0009138668013228,0.13205640879836,-0.0283358683103059,0.0524021560954233,-0.339487730169414,0.590811869780321,0.930299599949735,2.83783783783784,3.09292456303882,0.0019267701661386,0.413943940004742,0.582420335866355,0.193333333333333,132,2024-09-19T13:09:28Z,2024-09-19T13:09:32.966667Z,marche
-3.09431030566509e-05,0.157846594916393,-0.0341787698775687,0.0541285940988074,-0.433295169724062,0.759311135485837,1.1926063052099,1.01351351351351,3.28134036352697,0.0015942489302725,0.331638610969849,0.660369377041931,0.18,133,2024-09-19T13:09:33Z,2024-09-19T13:09:37.966667Z,marche
-0.0067660241993061,0.123618309786129,-0.0302538230240394,0.0456781868217858,-0.282650038367358,0.5293312739136,0.811981312280958,2.83783783783784,3.0667373124633,0.0045338942319863,0.438042536655031,0.549355622946682,0.2,134,2024-09-19T13:09:38Z,2024-09-19T13:09:42.966667Z,marche
-0.0057510687656504,0.0973084721462487,-0.0139484756320315,0.0294394500970825,-0.338263235885054,0.651676769853071,0.989940005738125,3.85135135135135,3.4043949020402,0.0038669650643197,0.333455675645002,0.661845419216478,0.213333333333333,135,2024-09-19T13:09:43Z,2024-09-19T13:09:47.966667Z,marche
-0.0123766739150932,0.003323750994046,-0.0127066680446099,0.0032924751697895,-0.0188632045246094,-1.4688238236249e-05,0.0188485162863732,2.02702702702703,3.53789051000675,0.0852716183449477,0.260567840070613,0.62757352244896,0.32,136,2024-09-19T13:09:48Z,2024-09-19T13:09:52.966667Z,immobile
-0.0109883958641184,0.0039751449672724,-0.0110694165436268,0.0043722735437634,-0.0221882911872223,-0.0005405216533485,0.0216477695338738,4.05405405405405,3.57898623586844,0.0867113749234916,0.243353999429326,0.651973730504713,0.273333333333333,137,2024-09-19T13:09:53Z,2024-09-19T13:09:57.966667Z,immobile
-0.009852388135755,0.0033198784590965,-0.0101748325515943,0.0032376280556659,-0.01993298850364,-0.0011148703023414,0.0188181182012985,2.02702702702703,3.3360560970486,0.0727312985020407,0.342217650670285,0.565585183963429,0.32,138,2024-09-19T13:09:58Z,2024-09-19T13:10:02.966667Z,immobile
-0.0105613496877851,0.0051177348211557,-0.010352608022569,0.0041004681240091,-0.0281071403615032,0.0080290900486277,0.0361362304101309,6.08108108108108,3.34171003552961,0.0226758136997038,0.201392352217058,0.760536518121144,0.413333333333333,139,2024-09-19T13:10:03Z,2024-09-19T13:10:07.966667Z,immobile
-0.0129479949807431,0.0039139607352871,-0.0137258994031426,0.0031225424636405,-0.0212316979706974,0.0010646301398673,0.0222963281105648,6.08108108108108,3.19163390912928,0.0264797451707066,0.188701964892996,0.76059863457565,0.346666666666667,140,2024-09-19T13:10:08Z,2024-09-19T13:10:12.966667Z,immobile
-0.0016600601810843,0.141393370086599,-0.0142352386203549,0.0072772676410836,-0.268643151481702,0.620633577419318,0.88927672890102,1.62162162162162,2.54088605853959,0.0078202180240365,0.750786328539993,0.236832044553419,0.0733333333333333,141,2024-09-19T13:10:13Z,2024-09-19T13:10:17.966667Z,escalier
0.0120211825778645,0.314596227612352,-0.0278173599762494,0.392162255345138,-0.487543683816042,0.87467461991627,1.36221830373231,1.82432432432432,1.29296194591927,0.0008260880820333,0.890939981862746,0.104918866073414,0.166666666666667,142,2024-09-19T13:10:18Z,2024-09-19T13:10:22.966667Z,marche
0.002496545868472,0.339077229247718,-0.0792900628762077,0.363253453587067,-0.549694294803399,0.787349894039954,1.33704418884335,1.82432432432432,1.99724586566297,0.0035577215371491,0.871720882083699,0.121453737236637,0.166666666666667,143,2024-09-19T13:10:23Z,2024-09-19T13:10:27.966667Z,escalier
0.0011431583615399,0.325951496506457,-0.0236905314351585,0.385196042195017,-0.547030144573061,0.790237269529832,1.33726741410289,1.82432432432432,1.39335073288753,0.0016762127241015,0.901268237303726,0.0922139449289348,0.16,144,2024-09-19T13:10:28Z,2024-09-19T13:10:32.966667Z,marche
0.0330170527759291,0.375198875574196,-0.0079896330325847,0.438199448562676,-0.55380773983103,0.839044411979148,1.39285215181018,1.82432432432432,1.62112149649007,0.0058955444899216,0.895744344538136,0.0949397221009006,0.12,145,2024-09-19T13:10:33Z,2024-09-19T13:10:37.966667Z,marche
0.0127821006935959,0.353580791052009,-0.0268819950939102,0.386636439483917,-0.547663155313355,0.967206197941181,1.51486935325454,1.82432432432432,1.85581609851514,0.000979124218754,0.867578034027611,0.12668384073584,0.14,146,2024-09-19T13:10:38Z,2024-09-19T13:10:42.966667Z,inconnu
0.0045691120162953,0.352047448179946,-0.0685038327225151,0.381456080079175,-0.545799392877111,0.860706265672396,1.40650565854951,1.82432432432432,1.31640191300923,0.0038376270147694,0.891626129039117,0.100269467813761,0.12,147,2024-09-19T13:10:43Z,2024-09-19T13:10:47.966667Z,escalier
0.0179419030052154,0.342181780677667,0.006420514127771,0.42778111353717,-0.495407988911835,0.851426122539171,1.34683411145101,1.82432432432432,0.761779643607473,0.0003787985928193,0.905770616339565,0.0903724992511119,0.133333333333333,148,2024-09-19T13:10:48Z,2024-09-19T13:10:52.966667Z,marche
0.011514867286864,0.335479439526713,-0.0127308769782664,0.40792642398624,-0.646404394890255,0.994822490333395,1.64122688522365,1.82432432432432,0.978695133373129,0.0002092448448594,0.900484385666632,0.0952152850846263,0.133333333333333,149,2024-09-19T13:10:53Z,2024-09-19T13:10:57.966667Z,marche
0.0181150192552514,0.342712987901827,-0.0121460795450367,0.406746980345179,-0.645249124532077,0.936048351704805,1.58129747623688,1.82432432432432,1.22180824024862,0.0002545466399043,0.909794539913519,0.0845117190223421,0.146666666666667,150,2024-09-19T13:10:58Z,2024-09-19T13:11:02.966667Z,marche
0.0109004462822743,0.366993008917863,-0.0463396974712389,0.395195556104494,-0.615776204708137,1.14016407904845,1.75594028375659,1.82432432432432,2.17517863951312,0.0003235829219256,0.815104514917106,0.17650016709789,0.166666666666667,151,2024-09-19T13:11:03Z,2024-09-19T13:11:07.966667Z,inconnu
0.017486738484012,0.344759203636301,-0.0104717834115779,0.410876212977074,-0.545606092432592,1.01354765122864,1.55915374366123,1.82432432432432,1.41560548282239,0.00261216416337,0.845178335339501,0.145954486382265,0.153333333333333,152,2024-09-19T13:11:08Z,2024-09-19T13:11:12.966667Z,marche
0.0093558458248131,0.318983177327405,-0.0190703568211167,0.359055701937732,-0.532538063054132,0.984752168220379,1.51729023127451,1.82432432432432,1.40912623005795,0.0005103482388239,0.884360068398192,0.111138926427519,0.16,153,2024-09-19T13:11:13Z,2024-09-19T13:11:17.966667Z,marche
0.0053107484659495,0.302543409727353,-0.0496412008261255,0.304553455649315,-0.441260752102738,0.965879991560497,1.40714074366324,1.82432432432432,1.48830428532295,0.0013636142748288,0.852847151669983,0.139864269365908,0.166666666666667,154,2024-09-19T13:11:18Z,2024-09-19T13:11:22.966667Z,escalier
0.0046900903811189,0.277386562013037,-0.0594250801813556,0.276634411589962,-0.442844067389891,0.823598290492883,1.26644235788277,1.82432432432432,2.00376161123553,0.0076720511367509,0.865975663844118,0.118693227028772,0.166666666666667,155,2024-09-19T13:11:23Z,2024-09-19T13:11:27.966667Z,escalier
0.0217296391774768,0.26579074553404,-0.0233402417653649,0.298977348230909,-0.421230896086439,0.76446183128628,1.18569272737272,1.82432432432432,1.66663598168116,0.0064115854765129,0.894780894383164,0.0968585781635911,0.133333333333333,156,2024-09-19T13:11:28Z,2024-09-19T13:11:32.966667Z,inconnu
0.0101758801856506,0.295045164747204,-0.0548853183468532,0.308138451403099,-0.492578946926646,0.828586870139818,1.32116581706646,1.82432432432432,1.53767349738344,0.0002903509632187,0.875935055344095,0.11581416151452,0.14,157,2024-09-19T13:11:33Z,2024-09-19T13:11:37.966667Z,escalier
0.0009889455850073,0.270089617962259,-0.0318554578488946,0.322346447451624,-0.484616719362844,0.739490388977594,1.22410710834044,1.82432432432432,1.85072894643193,0.0073981367345277,0.890923945946124,0.0983596736824092,0.146666666666667,158,2024-09-19T13:11:38Z,2024-09-19T13:11:42.966667Z,inconnu
0.0150386514405544,0.350518696458916,-0.0373060225859617,0.39878703096919,-0.583251089174461,0.838441484626729,1.42169257380119,2.02702702702703,1.56136062312531,0.0005290249869953,0.88396821720014,0.110363382865303,0.14,159,2024-09-19T13:11:43Z,2024-09-19T13:11:47.966667Z,inconnu
0.0172708971979523,0.341674460781457,-0.0058014100399416,0.411394346198964,-0.632861546531137,0.801606081395633,1.43446762792677,1.82432432432432,1.93017866244604,0.0008624539700273,0.915886240978626,0.07577052486453,0.126666666666667,160,2024-09-19T13:11:48Z,2024-09-19T13:11:52.966667Z,marche
0.012110368267978,0.326606621161396,-0.0297595268283314,0.406807000301646,-0.584299077856402,0.831258880937108,1.41555795879351,1.82432432432432,0.847656033114271,0.0001656262926035,0.931393418645085,0.0602752047471806,0.146666666666667,161,2024-09-19T13:11:53Z,2024-09-19T13:11:57.966667Z,marche
0.0182952085090575,0.359809301672433,0.0190429533936398,0.450523855223824,-0.61501191971002,0.81393024300647,1.42894216271649,1.82432432432432,1.35610824131841,0.0020973718933024,0.920544321910406,0.0736114199153787,0.133333333333333,162,2024-09-19T13:11:58Z,2024-09-19T13:12:02.966667Z,marche
0.0065379215434689,0.342522987971085,-0.0177077008413582,0.416194940149526,-0.584794126452317,0.846732045139038,1.43152617159136,1.82432432432432,1.31180986120113,0.0008998180998105,0.907716880598159,0.0850491998973073,0.146666666666667,163,2024-09-19T13:12:03Z,2024-09-19T13:12:07.966667Z,marche
0.0097706037008222,0.332992957492234,-0.022120960212953,0.406818095127268,-0.542698831926532,0.903114551648269,1.4458133835748,1.82432432432432,1.17400940185633,0.0024531523815403,0.893467480944302,0.0974512665803509,0.12,164,2024-09-19T13:12:08Z,2024-09-19T13:12:12.966667Z,marche
0.0070824926551797,0.319348250624722,-0.0280330499910442,0.377212033311891,-0.530870234315066,0.830582020390841,1.36145225470591,1.82432432432432,1.01388866661557,0.0010021016202679,0.913187256008553,0.0822744044590091,0.133333333333333,165,2024-09-19T13:12:13Z,2024-09-19T13:12:17.966667Z,inconnu
0.0161369890562605,0.348108758115824,-0.0347469836601911,0.378239983302854,-0.580915685965769,1.26280685471148,1.84372254067725,1.82432432432432,1.25416817764496,0.0003457290951256,0.867805741919799,0.125997838652432,0.146666666666667,166,2024-09-19T13:12:18Z,2024-09-19T13:12:22.966667Z,inconnu
0.0259334095244194,0.35659640619097,0.0187456651816517,0.434236550941865,-0.602360052448475,0.929923685073584,1.53228373752206,1.82432432432432,1.45123649724724,0.0058592590013138,0.899057230934686,0.0864251675189427,0.146666666666667,167,2024-09-19T13:12:23Z,2024-09-19T13:12:27.966667Z,marche
0.0205161037150499,0.346695096224838,0.017015550922944,0.438699063450168,-0.575297240476952,1.0766828140034,1.65198005448035,1.82432432432432,1.5479465185876,0.0004885626592481,0.899338106859534,0.0907755380387403,0.16,168,2024-09-19T13:12:28Z,2024-09-19T13:12:32.966667Z,marche
-0.0020030319826983,0.317161342826548,-0.0349074998146525,0.376109985561105,-0.592664494684493,0.828745549048766,1.42141004373326,1.82432432432432,1.29375807661616,0.0043602670116859,0.908534547766605,0.0829793452848994,0.133333333333333,169,2024-09-19T13:12:33Z,2024-09-19T13:12:37.966667Z,inconnu
0.006593507954184,0.302474369212781,-0.0257336584753598,0.356118144777834,-0.542258226462538,0.768792625157233,1.31105085161977,1.82432432432432,1.01265478615838,0.0002898684068394,0.91898559375931,0.0774697738571613,0.133333333333333,170,2024-09-19T13:12:38Z,2024-09-19T13:12:42.966667Z,marche
0.0105665275149658,0.320543123131784,-0.0150137066889821,0.401642631193769,-0.590332087623811,0.748234254982085,1.3385663426059,1.82432432432432,1.1071650980005,0.000797365616038,0.914757893120631,0.0790905245100807,0.16,171,2024-09-19T13:12:43Z,2024-09-19T13:12:47.966667Z,marche
0.0056867755210609,0.352672142410544,-0.0181305374522977,0.42347644676633,-0.641661698320162,0.982579096957956,1.62424079527812,1.82432432432432,1.28365953127066,0.0009647212902329,0.902248272886289,0.0941501502496122,0.146666666666667,172,2024-09-19T13:12:48Z,2024-09-19T13:12:52.966667Z,marche
0.0155956432097605,0.349099430768006,0.0088628122266177,0.447345738930313,-0.643483470809638,0.879369112390554,1.52285258320019,1.82432432432432,1.64586481962435,0.0002211264914677,0.890730596529437,0.101531886559494,0.153333333333333,173,2024-09-19T13:12:53Z,2024-09-19T13:12:57.966667Z,marche
0.0262052693773374,0.362086285511627,3.75360012844477e-06,0.434756137454431,-0.605591272664008,0.974106469238477,1.57969774190249,1.82432432432432,1.58807437470584,0.003994547864722,0.886354271717912,0.105349947743494,0.153333333333333,174,2024-09-19T13:12:58Z,2024-09-19T13:13:02.966667Z,marche
0.0137804779886844,0.324611222700318,-0.0026484715236517,0.432759979475214,-0.587314736909119,0.693176670353141,1.28049140726226,1.82432432432432,0.868906646668631,0.0001321515264712,0.932074825721869,0.0652128893441488,0.126666666666667,175,2024-09-19T13:13:03Z,2024-09-19T13:13:07.966667Z,marche
0.001092122233564,0.346116918241526,-0.0679280996938562,0.378324039063089,-0.585016247244035,0.853930448473771,1.43894669571781,1.82432432432432,1.43420416654116,0.0043512196775265,0.903591842498223,0.087679835051512,0.133333333333333,176,2024-09-19T13:13:08Z,2024-09-19T13:13:12.966667Z,escalier
0.0068127371000521,0.289027050444753,-0.0118453675197317,0.143595076292442,-0.554517809477756,1.60638000087099,2.16089781034875,1.82432432432432,2.47402471696693,0.0032070580170829,0.75621075400863,0.23772560415622,0.106666666666667,177,2024-09-19T13:13:13Z,2024-09-19T13:13:17.966667Z,escalier
-0.0110745528312172,0.0041591665402566,-0.0111491342746162,0.004092491784231,-0.0222077672773962,0.0018936266271663,0.0241013939045625,2.63513513513514,3.39094092273214,0.0539071645858566,0.476576086492675,0.436859789759765,0.24,178,2024-09-19T13:13:18Z,2024-09-19T13:13:22.966667Z,immobile
-0.0112626806240445,0.0033867976167311,-0.0114571703027434,0.0030969688919881,-0.0260880065699798,-0.0013792119740163,0.0247087945959634,8.10810810810811,3.74131391605943,0.0244063034564844,0.176030474050621,0.668428249506236,0.353333333333333,179,2024-09-19T13:13:23Z,2024-09-19T13:13:27.966667Z,immobile
0.0461336384913734,0.404010228430084,-0.0107038420738343,0.0370898725914135,-0.894662061411478,1.53041300677765,2.42507506818913,2.63513513513514,2.3426151377174,0.0206931358307881,0.756614587757211,0.219706216531544,0.106666666666667,180,2024-09-19T13:13:43Z,2024-09-19T13:13:47.966667Z,escalier
0.188824218692923,0.795851946465366,0.0595336469224447,0.958454651470481,-0.804423127863099,1.85144009647391,2.65586322433701,2.63513513513514,1.21178791333776,0.0013483605131259,0.827082492902667,0.164283902464369,0.213333333333333,181,2024-09-19T13:13:48Z,2024-09-19T13:13:52.966667Z,course
0.189610905015176,0.760438221896866,0.139578085163646,1.00369418142778,-0.859058529843062,1.71169576126496,2.57075429110802,2.63513513513514,1.49921471809491,0.0016296451043814,0.834895482535016,0.151803678785656,0.193333333333333,182,2024-09-19T13:13:53Z,2024-09-19T13:13:57.966667Z,course
0.165368498859217,0.780988977180117,0.101982259689828,0.997493183098081,-0.830220106091445,1.95948595381857,2.78970605991002,2.63513513513514,1.54184223010907,0.0046320249727421,0.802552752594638,0.182574301380728,0.2,183,2024-09-19T13:13:58Z,2024-09-19T13:14:02.966667Z,course
0.187110428184655,0.754643769649767,0.1956086415961,1.02314704923824,-0.87302488794368,1.63611772571335,2.50914261365703,2.63513513513514,1.24600693818958,0.0025348634219673,0.825109149027379,0.165164268059233,0.186666666666667,184,2024-09-19T13:14:03Z,2024-09-19T13:14:07.966667Z,course
0.199592441945138,0.746458191340472,0.207428700579231,1.01860219712274,-0.859028933206986,1.70884961328748,2.56787854649447,2.63513513513514,1.31558623351329,0.0006076705158005,0.861582305261954,0.12590910771182,0.166666666666667,185,2024-09-19T13:14:08Z,2024-09-19T13:14:12.966667Z,course
0.187584000583641,0.789325055536001,0.180363798648317,1.04633776605488,-0.85884392228186,1.76285508222641,2.62169900450827,2.63513513513514,1.44497732446443,0.0012623801412239,0.803653884230293,0.18707375037414,0.166666666666667,186,2024-09-19T13:14:13Z,2024-09-19T13:14:17.966667Z,course
0.147763948544428,0.754593590786092,0.0936573601239993,0.983365334361521,-0.855904562513099,1.69759461642598,2.55349917893908,2.63513513513514,2.03229607530932,0.0035220135902711,0.808272279737387,0.178420912392072,0.18,187,2024-09-19T13:14:18Z,2024-09-19T13:14:22.966667Z,course
0.180145212631069,0.741085849745792,0.247952873648903,0.991220557629178,-0.851646510077755,1.59747034252093,2.44911685259869,2.43243243243243,1.91546976120302,0.0015612234421748,0.842308281830722,0.145895613555644,0.166666666666667,188,2024-09-19T13:14:23Z,2024-09-19T13:14:27.966667Z,course
0.141245704800581,0.777601760557828,0.106068667692537,1.01273606571218,-0.856517257565909,1.77124664496817,2.62776390253408,2.63513513513514,1.88172618370704,0.001889335371771,0.797201932672255,0.188128495760528,0.166666666666667,189,2024-09-19T13:14:28Z,2024-09-19T13:14:32.966667Z,course
0.141659265421376,0.768419105537309,0.0909274090021758,0.960709359443027,-0.891284244125689,1.69394658127028,2.58523082539597,2.63513513513514,1.76098226585729,0.001110297310386,0.795491421827989,0.191166131881233,0.18,190,2024-09-19T13:14:33Z,2024-09-19T13:14:37.966667Z,course
0.182292834490664,0.753273592836753,0.196560764031278,1.08511929192667,-0.825812506284587,1.60938362570396,2.43519613198855,2.63513513513514,1.91401610630439,0.0007187640889528,0.840342377737503,0.146112818941806,0.166666666666667,191,2024-09-19T13:14:38Z,2024-09-19T13:14:42.966667Z,course
0.131835507705816,0.751471130011107,0.0935418703986479,0.983306106757329,-0.889275935877066,1.67430515507698,2.56358109095405,2.63513513513514,1.95234297063844,0.004301605128279,0.803070349739513,0.18278261508531,0.18,192,2024-09-19T13:14:43Z,2024-09-19T13:14:47.966667Z,course
0.165671156678257,0.782915587922746,0.185451018356263,1.05831583563698,-0.936664044952794,1.74118169116343,2.67784573611622,2.43243243243243,2.10719536157949,0.0027586529033245,0.805498948166635,0.179952349650419,0.166666666666667,193,2024-09-19T13:14:48Z,2024-09-19T13:14:52.966667Z,course
0.17928499963132,0.7782697643898,0.168429166819367,1.03779446259903,-0.904910512243268,2.16061083844293,3.0655213506862,2.43243243243243,2.16583242350879,0.0027376936478023,0.79223620108972,0.190744923325821,0.166666666666667,194,2024-09-19T13:14:53Z,2024-09-19T13:14:57.966667Z,course
0.189837748315541,0.7134585101488,0.258228453057996,0.948794860211791,-0.821078790454785,1.5453854380503,2.36646422850509,2.63513513513514,2.05677886445822,0.0017448901721888,0.772354145718249,0.218691413735387,0.166666666666667,195,2024-09-19T13:14:58Z,2024-09-19T13:15:02.966667Z,course
0.194626007882539,0.73695471152638,0.205894576134911,0.907192245104255,-0.800783251144765,1.93447933994938,2.73526259109415,2.63513513513514,2.0821545296628,0.0005212379947764,0.742931349223141,0.247119805602439,0.166666666666667,196,2024-09-19T13:15:03Z,2024-09-19T13:15:07.966667Z,course
0.20486395285137,0.790940453389549,0.172035400659369,0.99142139312294,-0.876438564822374,1.96586153907046,2.84230010389283,2.63513513513514,2.17993028282342,0.0031847322288833,0.742536507304845,0.242957284635465,0.166666666666667,197,2024-09-19T13:15:08Z,2024-09-19T13:15:12.966667Z,course
0.153011856319461,0.755849920407745,0.0236610301755305,0.95793707847447,-0.911867666841085,1.78821576845595,2.70008343529704,2.43243243243243,2.08919406451947,0.0029782757391872,0.793909583726048,0.191699216075974,0.166666666666667,198,2024-09-19T13:15:13Z,2024-09-19T13:15:17.966667Z,course
0.226518151197292,0.776925536081215,0.142058434699479,0.99743033262524,-0.806498436918906,1.9190680281074,2.72556646502631,2.63513513513514,1.95879718732571,0.002624543101399,0.822057118643861,0.164256295810809,0.166666666666667,199,2024-09-19T13:15:18Z,2024-09-19T13:15:22.966667Z,course
0.176797895688922,0.765454991140277,0.037426506035149,0.904663322412148,-0.774980296409923,2.1090921000182,2.88407239642812,2.43243243243243,2.06772646899721,0.0030119069445683,0.829514098241979,0.153295202399723,0.166666666666667,200,2024-09-19T13:15:23Z,2024-09-19T13:15:27.966667Z,course
0.239178352467657,0.806874792954647,0.180658199246509,1.02003257367634,-0.845310929798343,2.28134850327914,3.12665943307748,2.63513513513514,2.20233059150319,0.0076446896659422,0.759771495650463,0.218163997527984,0.18,201,2024-09-19T13:15:28Z,2024-09-19T13:15:32.966667Z,course
0.127489514417879,0.721487523092576,0.107537155023044,0.949070238335142,-0.853871902056869,1.58286066571762,2.43673256777449,2.43243243243243,2.00673034157575,0.0055930141273786,0.831596477458213,0.151791329858287,0.16,202,2024-09-19T13:15:33Z,2024-09-19T13:15:37.966667Z,course
0.141496346766544,0.712949357833903,0.174786275416114,0.970926323412827,-0.919371062637567,1.58181017376149,2.50118123639906,2.43243243243243,1.78289434513749,0.0003607340638005,0.827491576848,0.162232842187896,0.166666666666667,203,2024-09-19T13:15:38Z,2024-09-19T13:15:42.966667Z,inconnu
0.156499894339841,0.734937268751653,0.201666888240462,1.02199274639356,-0.880954551128814,1.64465653155304,2.52561108268185,2.43243243243243,2.00903393202683,0.0011808273172965,0.813613688793138,0.177214105244059,0.166666666666667,204,2024-09-19T13:15:43Z,2024-09-19T13:15:47.966667Z,course
0.224134391040023,0.820305419578926,0.0626768618404816,0.986399396679732,-0.825226439875793,1.90295522090505,2.72818166078084,2.63513513513514,2.08886151213137,0.0047356860293446,0.773449017411999,0.204808376756891,0.166666666666667,205,2024-09-19T13:15:48Z,2024-09-19T13:15:52.966667Z,course
0.201231150157207,0.792847339963586,0.238437854720446,1.10554773367356,-0.899598486307848,1.99871761455127,2.89831610085912,2.43243243243243,2.13995537650284,0.0029024626990575,0.765735745302605,0.218321594960032,0.166666666666667,206,2024-09-19T13:15:53Z,2024-09-19T13:15:57.966667Z,course
0.159689537086369,0.754735851517774,0.300567393397741,1.0687207786264,-0.919970390164999,1.79768076053235,2.71765115069735,2.43243243243243,2.09259933924017,0.0017552599547087,0.761922574227679,0.221304416188851,0.166666666666667,207,2024-09-19T13:15:58Z,2024-09-19T13:16:02.966667Z,course
0.153598368831646,0.777790978526731,0.195014462472016,1.05914104694284,-0.939884874260454,1.74839620814857,2.68828108240902,2.43243243243243,1.7698483744846,0.0031465187139768,0.799810035428827,0.187865899412032,0.186666666666667,208,2024-09-19T13:16:03Z,2024-09-19T13:16:07.966667Z,course
0.09871161667349,0.714200417754373,0.11759104567295,0.930491431305129,-0.937032111186548,1.96135041591448,2.89838252710103,2.43243243243243,1.57430632620605,0.0013729472107664,0.829179963612336,0.165024430872553,0.166666666666667,209,2024-09-19T13:16:08Z,2024-09-19T13:16:12.966667Z,marche
0.106799610161732,0.718487387319423,0.131922605719184,1.0043033966708,-0.884128125275617,1.49085159114207,2.37497971641769,2.63513513513514,1.98343259869467,0.0013081095238774,0.812274634014094,0.173728768250065,0.166666666666667,210,2024-09-19T13:16:13Z,2024-09-19T13:16:17.966667Z,inconnu
0.127111257106779,0.713927131926259,0.136747209198428,0.969337990460411,-0.883343995802118,1.58869960304409,2.47204359884621,2.43243243243243,2.026459890608,0.0041479504231211,0.801359634144672,0.184299172306236,0.166666666666667,211,2024-09-19T13:16:18Z,2024-09-19T13:16:22.966667Z,course
0.0907964376234279,0.69346431813421,0.176890787438817,0.912471351492281,-0.935384281537973,1.63003120813485,2.56541548967282,2.43243243243243,1.65853761480835,0.0021712990553905,0.861635071787944,0.130917447106551,0.16,212,2024-09-19T13:16:23Z,2024-09-19T13:16:27.966667Z,marche
0.129845305766616,0.687627855626709,0.184633781879504,0.845361104263654,-0.833254620074674,1.55583931276994,2.38909393284461,2.63513513513514,1.84294028164188,0.0016184965979175,0.836840228810491,0.155767097921199,0.166666666666667,213,2024-09-19T13:16:28Z,2024-09-19T13:16:32.966667Z,inconnu
0.101746517395496,0.683738830895116,0.141624785540895,0.879764224721351,-0.908958143894166,1.6246893106937,2.53364745458787,2.43243243243243,1.95369572718413,0.0015643524078734,0.810928310537594,0.182191065050265,0.166666666666667,214,2024-09-19T13:16:33Z,2024-09-19T13:16:37.966667Z,marche
0.140788639834292,0.740419833301646,0.125625245912384,1.06727948175294,-0.926448302825558,1.8348317293648,2.76128003219036,2.63513513513514,1.92447861406492,0.0031858389445806,0.760648914678916,0.22676022908346,0.166666666666667,215,2024-09-19T13:16:38Z,2024-09-19T13:16:42.966667Z,course
0.0278463584053044,0.405033425778158,-0.008134490657008,0.0159084788195269,-0.895644895882725,2.11796273266935,3.01360762855208,2.43243243243243,2.74130563037208,0.0293289689508288,0.767630803989789,0.187423310079304,0.0733333333333333,216,2024-09-19T13:16:43Z,2024-09-19T13:16:47.966667Z,escalier
-0.0072646903672894,0.0041493410755044,-0.0073066368976156,0.0038794611115208,-0.0195071202756271,0.0037469303699406,0.0232540506455678,8.10810810810811,3.22870454152559,0.0126132949604535,0.0562429881054867,0.891135368904646,0.366666666666667,217,2024-09-19T13:16:48Z,2024-09-19T13:16:52.966667Z,immobile
-0.0073291614467664,0.004148942565232,-0.0070462581823015,0.0040632704599671,-0.0172219062844989,0.0044233432759868,0.0216452495604857,4.05405405405405,3.54447918103759,0.0117315338266982,0.193901773205802,0.764219601941424,0.366666666666667,218,2024-09-19T13:16:53Z,2024-09-19T13:16:57.966667Z,immobile
-0.0078822190216542,0.0063782392614739,-0.0082451638969431,0.0057459007571677,-0.0281582083887036,0.0129238659342514,0.041082074322955,2.02702702702703,3.29110548261659,0.0093928662615102,0.275753588653735,0.697182822798918,0.32,219,2024-09-19T13:16:58Z,2024-09-19T13:17:02.966667Z,immobile
-0.0076891344310883,0.0050729764643327,-0.0077683619294741,0.0049694844679401,-0.0217191353741977,0.0072305120887585,0.0289496474629563,4.05405405405405,3.52230289018217,0.0465194321362207,0.182657902640771,0.755548614219773,0.386666666666667,220,2024-09-19T13:17:03Z,2024-09-19T13:17:07.966667Z,immobile
-0.007264880867811,0.0074325929741019,-0.0084044371418073,0.0052383282612724,-0.0268437895873702,0.0202513573746088,0.047095146961979,5.67567567567568,3.33409108975301,0.0104415256411833,0.200451271536389,0.764989516967993,0.366666666666667,221,2024-09-19T13:17:08Z,2024-09-19T13:17:12.966667Z,immobile
0.0076737219281451,0.115061104645451,-0.0074831702749345,0.0437596056664397,-0.245771437750718,0.536722261447764,0.782493699198482,1.21621621621622,3.52596944360335,0.0305734727225618,0.360042584666409,0.594727882941076,0.206666666666667,222,2024-09-19T13:17:13Z,2024-09-19T13:17:17.966667Z,inconnu
0.0017132079548057,0.0424009611167647,-0.0011658464753957,0.0426299625102024,-0.0975045454262035,0.11014862270636,0.207653168132563,6.08108108108108,3.39976444638866,0.0039660415675008,0.130260727118746,0.848441060469492,0.38,223,2024-09-19T13:17:18Z,2024-09-19T13:17:22.966667Z,velo
0.0018959648303153,0.0592035346372183,0.0087127810113284,0.0431896251798438,-0.169607227972084,0.158256703878485,0.327863931850569,2.83783783783784,3.07341305666805,0.0025353270114796,0.348874496737785,0.644394378111174,0.34,224,2024-09-19T13:17:23Z,2024-09-19T13:17:27.966667Z,velo
0.0091818122977588,0.0689894647046254,0.0179816432787349,0.0702356390237627,-0.184485246949581,0.17786534181937,0.362350588768951,2.83783783783784,2.96648457169268,0.0018894752483294,0.461846112297019,0.522188157643529,0.28,225,2024-09-19T13:17:28Z,2024-09-19T13:17:32.966667Z,velo
0.0118984574848283,0.0771016371734819,0.0161506715907091,0.0716901643846292,-0.219131532931671,0.194548595022944,0.413680127954615,3.04054054054054,2.5492092195427,0.0001077674302668,0.223773656301986,0.760282835995829,0.273333333333333,226,2024-09-19T13:17:33Z,2024-09-19T13:17:37.966667Z,velo
0.0117386483419868,0.0790191684832258,0.0162654060630183,0.0771632686713437,-0.205981996440239,0.164883207446118,0.370865203886357,3.04054054054054,2.77865329787115,0.0006880429410039,0.217985375253943,0.757128660311524,0.246666666666667,227,2024-09-19T13:17:38Z,2024-09-19T13:17:42.966667Z,velo
0.0208089200001276,0.0836465315688646,0.0347152928719942,0.0592541772025281,-0.315301684749728,0.212587486034708,0.527889170784436,3.04054054054054,2.57960183525584,0.0023019816442463,0.150709861176997,0.822727751718565,0.313333333333333,228,2024-09-19T13:17:43Z,2024-09-19T13:17:47.966667Z,velo
0.0145939245350164,0.0909458960157611,0.0267375827200817,0.0807476580609508,-0.261849427373847,0.195698548692753,0.4575479760666,3.04054054054054,2.44583597382435,0.0031026998787861,0.158966749698894,0.813119226277411,0.253333333333333,229,2024-09-19T13:17:48Z,2024-09-19T13:17:52.966667Z,velo
0.0163018034097131,0.0950076149463357,0.0353095986063673,0.0919757325758594,-0.287684237724068,0.210397237563882,0.49808147528795,3.04054054054054,2.63468568954917,0.0008576609837236,0.12723106742969,0.858369000094489,0.253333333333333,230,2024-09-19T13:17:53Z,2024-09-19T13:17:57.966667Z,velo
0.0128736838364711,0.0819822563889663,0.0156248623264941,0.0795978373469261,-0.222727601269452,0.208115486503367,0.430843087772819,3.04054054054054,2.6831772245685,0.0004823302568843,0.154066607236758,0.830848651528003,0.306666666666667,231,2024-09-19T13:17:58Z,2024-09-19T13:18:02.966667Z,velo
0.0117732797332373,0.0741394679531461,0.020844503846493,0.0682001298790067,-0.17659054847095,0.198629052329689,0.375219600800639,3.04054054054054,2.68054180410901,0.0027947382597426,0.173710110720156,0.796073318646858,0.313333333333333,232,2024-09-19T13:18:03Z,2024-09-19T13:18:07.966667Z,velo
0.0124559007616065,0.0712008484784371,0.0210708003195861,0.0501978959008776,-0.22748335876135,0.193144967001745,0.420628325763095,3.04054054054054,3.08495754762512,0.0025894486527774,0.276396214351509,0.705983825229792,0.286666666666667,233,2024-09-19T13:18:08Z,2024-09-19T13:18:12.966667Z,velo
0.0139338781642036,0.0624333418598404,0.0154915651546348,0.0531534232615783,-0.143729670126878,0.192316016911491,0.336045687038369,2.83783783783784,2.30998529108245,0.0019932933642279,0.453200044522758,0.532466790261459,0.273333333333333,234,2024-09-19T13:18:13Z,2024-09-19T13:18:17.966667Z,velo
0.0121833286412568,0.0616300408604916,0.0101040747312191,0.0549066507022527,-0.128465979849671,0.195237552185618,0.323703532035289,1.41891891891892,2.80314537180587,0.0034742811254176,0.482242498177049,0.506778719559295,0.32,235,2024-09-19T13:18:18Z,2024-09-19T13:18:22.966667Z,velo
0.0100063093461026,0.057439495523864,0.0052213539612982,0.0541499876856213,-0.12608700041132,0.207706763648298,0.333793764059618,2.83783783783784,2.94227975574597,0.0034410519397113,0.490002671498828,0.502741551381189,0.233333333333333,236,2024-09-19T13:18:23Z,2024-09-19T13:18:27.966667Z,velo
0.0105533897654151,0.0602942160929012,0.0141003899430251,0.0502298051721758,-0.140315620097566,0.154251917787701,0.294567537885267,2.83783783783784,2.74987821845927,0.0033583957997255,0.464315870568708,0.523242941299196,0.273333333333333,237,2024-09-19T13:18:28Z,2024-09-19T13:18:32.966667Z,velo
0.0130663008751729,0.0585993616271553,0.0123705941141437,0.0484938755324288,-0.143480106900441,0.200963703089611,0.344443809990052,5.47297297297297,2.98239225963999,0.0035934176523597,0.409875625222995,0.58008945537445,0.3,238,2024-09-19T13:18:33Z,2024-09-19T13:18:37.966667Z,velo
0.0085097162898662,0.0536188539083574,0.0075052093833856,0.0524028632929671,-0.11355942298417,0.150176019491206,0.263735442475376,2.63513513513514,2.9451643564524,0.0007835260473708,0.542822409395817,0.451722432459393,0.253333333333333,239,2024-09-19T13:18:38Z,2024-09-19T13:18:42.966667Z,velo
0.0127780984095123,0.0604756410167991,0.0119909810429132,0.0614644372243693,-0.115474892434448,0.157529126926122,0.27300401936057,2.83783783783784,2.99853594920893,0.000142879668999,0.444925814301357,0.538161539371974,0.313333333333333,240,2024-09-19T13:18:43Z,2024-09-19T13:18:47.966667Z,velo
0.0081177627835133,0.0544618371832986,0.0078216448243999,0.0520563717518351,-0.102301643483602,0.197678651738336,0.299980295221938,2.63513513513514,3.02511788513326,0.0032334551105764,0.411899210104891,0.573860372706853,0.26,241,2024-09-19T13:18:48Z,2024-09-19T13:18:52.966667Z,velo
0.0104286148534239,0.0522293516482908,0.0056820234443928,0.0476960902043403,-0.0777821816423233,0.180454759715383,0.258236941357706,2.63513513513514,3.14733142569453,0.0033057127310044,0.363123350862871,0.624735802504639,0.28,242,2024-09-19T13:18:53Z,2024-09-19T13:18:57.966667Z,velo
0.0086170670127941,0.0489695732463961,0.0090776237386239,0.0472629466686931,-0.137598405264529,0.135875614155992,0.273474019420521,2.83783783783784,3.04397881386536,0.0036389107037515,0.566557682039719,0.411106098240581,0.233333333333333,243,2024-09-19T13:18:58Z,2024-09-19T13:19:02.966667Z,velo
0.0109634357452449,0.0549618692772395,0.0148052790945851,0.0462304730583408,-0.16553577671254,0.168508805980536,0.334044582693076,2.63513513513514,3.21234526315941,0.006864508059075,0.341425702035185,0.643188793511492,0.3,244,2024-09-19T13:19:03Z,2024-09-19T13:19:07.966667Z,velo
0.0086197025891637,0.0532014446334952,0.0036675991803878,0.0460740160538199,-0.108822297918299,0.177212412087833,0.286034710006132,2.63513513513514,3.08112940932464,0.000685417295456,0.40609703084749,0.580977510163231,0.293333333333333,245,2024-09-19T13:19:08Z,2024-09-19T13:19:12.966667Z,velo
0.0093151270586761,0.0550962337765983,0.011559212189073,0.0498832855300199,-0.138752952971518,0.173184241331968,0.311937194303486,1.41891891891892,2.92633311184231,0.0018692623689652,0.500435015068128,0.488670480103815,0.26,246,2024-09-19T13:19:13Z,2024-09-19T13:19:17.966667Z,velo
0.0059244834834611,0.051878774861272,0.0078315125985366,0.0411177938352815,-0.152836286396829,0.125170745510515,0.278007031907344,1.41891891891892,3.29306831688029,0.0097645119340575,0.409879781726853,0.565370611224595,0.3,247,2024-09-19T13:19:18Z,2024-09-19T13:19:22.966667Z,velo
0.0093296131571264,0.0458624249195399,0.0029107863315839,0.0449168531456222,-0.105687368000329,0.138741673138301,0.24442904113863,2.63513513513514,3.02453359145585,0.0046497725110317,0.46134539205143,0.517976886591833,0.293333333333333,248,2024-09-19T13:19:23Z,2024-09-19T13:19:27.966667Z,velo
0.0055027424037032,0.0505047280435763,0.0033089405224626,0.0486283431855743,-0.10873155380258,0.176950043844438,0.285681597647018,2.63513513513514,2.92673932377973,0.0107116475828896,0.506236244439265,0.477377110403041,0.253333333333333,249,2024-09-19T13:19:28Z,2024-09-19T13:19:32.966667Z,velo
0.012136598038164,0.0578917519216244,0.0078671773030414,0.0602675002034238,-0.104425502385549,0.195124076407113,0.299549578792662,1.41891891891892,2.69423249326935,0.0056988805173947,0.535452344686516,0.448020571578045,0.206666666666667,250,2024-09-19T13:19:33Z,2024-09-19T13:19:37.966667Z,velo
0.0116878959900463,0.0621141072397404,0.0215456918275339,0.0600586620528582,-0.158271779127257,0.1561408499614,0.314412629088657,1.41891891891892,2.7358381936142,0.0065001568896136,0.479894209948844,0.505176392624921,0.306666666666667,251,2024-09-19T13:19:38Z,2024-09-19T13:19:42.966667Z,velo
0.0081829632129502,0.0555325303453163,0.0050102717990216,0.0537491040480545,-0.125228874347161,0.149450281903041,0.274679156250202,2.63513513513514,2.87002448802787,0.0031821923296485,0.377382553041544,0.607492925120829,0.3,252,2024-09-19T13:19:43Z,2024-09-19T13:19:47.966667Z,velo
0.0074639244088801,0.0513868482052301,0.0055819238341565,0.0551750603192579,-0.129307675622814,0.143073131148689,0.272380806771503,2.63513513513514,2.78351900931553,0.0095275126957103,0.609817584352822,0.372449729159733,0.26,253,2024-09-19T13:19:48Z,2024-09-19T13:19:52.966667Z,velo
0.0120962721656712,0.050995311365904,0.0097452125902319,0.0491504474742944,-0.109260882052911,0.186910217557766,0.296171099610677,2.63513513513514,2.69810405866115,0.0043577415970255,0.570883711193717,0.419646681758722,0.286666666666667,254,2024-09-19T13:19:53Z,2024-09-19T13:19:57.966667Z,velo
0.0065447185713943,0.0507703924504303,0.0066733708780616,0.0495693511863999,-0.103145937638192,0.157490812606332,0.260636750244524,2.63513513513514,2.74049848502016,0.0081676967214346,0.558889843512853,0.428368752895597,0.253333333333333,255,2024-09-19T13:19:58Z,2024-09-19T13:20:02.966667Z,velo
0.0060289335713756,0.0521210347791126,0.0037865015316968,0.0401787427287995,-0.134094582976936,0.17462841401427,0.308722996991206,5.47297297297297,2.96073429924392,0.0004715878346715,0.339341209435751,0.65062611751838,0.3,256,2024-09-19T13:20:03Z,2024-09-19T13:20:07.966667Z,velo
0.0131109807618385,0.054711505621461,0.017566595818095,0.0461536500559727,-0.138922969094514,0.130983659065753,0.269906628160267,1.41891891891892,3.06926915710997,0.0027502870303165,0.396748974531312,0.587731157214595,0.366666666666667,257,2024-09-19T13:20:08Z,2024-09-19T13:20:12.966667Z,velo
-0.0018428907930723,0.0504182836221811,-0.0080717713492369,0.0091264452477768,-0.180783254959927,0.191965694068349,0.372748949028276,6.68918918918919,3.64488949716285,0.0297870262760914,0.168199212483317,0.793331279552728,0.206666666666667,258,2024-09-19T13:20:13Z,2024-09-19T13:20:17.966667Z,inconnu
-0.008584624785016,0.004234737224807,-0.0086032860560168,0.0044337833488669,-0.0176258300656715,0.0031623901286235,0.020788220194295,2.63513513513514,3.55259579038255,0.016927062242778,0.388623901253448,0.559574547370434,0.306666666666667,259,2024-09-19T13:20:18Z,2024-09-19T13:20:22.966667Z,immobile
-0.0083905800087672,0.0049167124629911,-0.0091575738397303,0.004422729419476,-0.0237611492448387,0.0058657130283021,0.0296268622731409,6.08108108108108,3.32282999833837,0.0166063240707955,0.245878349152949,0.717404790389052,0.306666666666667,260,2024-09-19T13:20:23Z,2024-09-19T13:20:27.966667Z,immobile
-0.0080882893251734,0.0047636367663392,-0.0082657811493122,0.0039627297964063,-0.0236955643612873,0.0043708979440262,0.0280664623053135,4.05405405405405,3.28652202208114,0.0090532057805216,0.316460915612075,0.650430418330423,0.32,261,2024-09-19T13:20:28Z,2024-09-19T13:20:32.966667Z,immobile
-0.0094428423231658,0.0059797072440014,-0.0099894370213919,0.0053046260005619,-0.0223473203787994,0.0088362902469374,0.0311836106257369,6.08108108108108,3.39127843490143,0.0185671236130859,0.328224159676795,0.634549647186574,0.393333333333333,262,2024-09-19T13:20:33Z,2024-09-19T13:20:37.966667Z,immobile
-0.0088959085714906,0.0043149486023275,-0.0090505042877368,0.0037304428182453,-0.0206403707288317,0.0056510736585426,0.0262914443873744,4.05405405405405,3.2885688273332,0.0579387105872908,0.31610676994139,0.593640082308402,0.306666666666667,263,2024-09-19T13:20:38Z,2024-09-19T13:20:42.966667Z,immobile
-0.0081923274659448,0.0249525095784753,-0.0090671408042295,0.0062688528485528,-0.116136939581775,0.109457257643265,0.22559419722504,0.608108108108108,3.21066326161508,0.101373124155238,0.535993721944083,0.359186583503635,0.266666666666667,264,2024-09-19T13:20:43Z,2024-09-19T13:20:47.966667Z,immobile
-0.0006363471089439,0.15253207912336,-0.0159698334226858,0.106464942540303,-0.301340637728618,0.568812634511733,0.870153272240351,1.41891891891892,2.55948599099894,0.0144772316566542,0.777773598489576,0.1997139801155,0.166666666666667,265,2024-09-19T13:20:48Z,2024-09-19T13:20:52.966667Z,marche
0.0224115451475945,0.281086665728834,-0.0009672071752629,0.375912775598497,-0.4874274186316,0.721364958870325,1.20879237750193,1.62162162162162,2.08056285627168,0.0045360557029593,0.88315051353353,0.10376432595078,0.166666666666667,266,2024-09-19T13:20:53Z,2024-09-19T13:20:57.966667Z,marche
0.0125476196861694,0.276618998315054,-0.015107862712673,0.363075213193372,-0.509483893598592,0.611784734728035,1.12126862832663,1.62162162162162,2.16713870721375,0.0009527907118981,0.84492893999948,0.147599350211379,0.14,267,2024-09-19T13:20:58Z,2024-09-19T13:21:02.966667Z,marche
0.0166063545952841,0.266743623378957,-0.037128709926466,0.29502315906789,-0.459259095603308,0.742911874666674,1.20217097026998,1.82432432432432,2.40330668417447,0.0004422728415429,0.766085140278298,0.218870906270482,0.153333333333333,268,2024-09-19T13:21:03Z,2024-09-19T13:21:07.966667Z,inconnu
0.0164891226430729,0.245126376201353,-0.049023559768739,0.260830471275743,-0.399896824141087,0.677997325720891,1.07789414986198,1.62162162162162,2.00568720327285,0.0010222452312999,0.796848089115244,0.193100019035144,0.16,269,2024-09-19T13:21:08Z,2024-09-19T13:21:12.966667Z,marche
-0.0034487201496005,0.0801303826804773,-0.0101104922352271,0.0239858102381258,-0.257448927631671,0.570821843713317,0.828270771344988,1.01351351351351,3.72926578314198,0.0161854521030323,0.320123267842322,0.603236841976637,0.293333333333333,270,2024-09-19T13:21:13Z,2024-09-19T13:21:17.966667Z,velo
0.0097930432675687,0.187297788415307,-0.0103306246286498,0.0736776965001867,-0.392152180915401,0.688923628723113,1.08107580963851,1.82432432432432,2.22282686174215,0.0096536555393719,0.806049933762622,0.179335380286601,0.14,271,2024-09-19T13:21:18Z,2024-09-19T13:21:22.966667Z,inconnu
-0.0016776434266677,0.268087169039334,-0.0380326769907786,0.25744277580537,-0.413004660063514,0.812864694315288,1.2258693543788,1.62162162162162,2.21646727418318,0.0025444965710446,0.822535587191317,0.168580892695306,0.14,272,2024-09-19T13:21:23Z,2024-09-19T13:21:27.966667Z,escalier
0.003624330484259,0.233615480562393,-0.0345456544808719,0.209569754777282,-0.359779642853712,0.651354443633298,1.01113408648701,1.62162162162162,1.81325942912174,0.0006926464854899,0.812605103863073,0.181899626190001,0.153333333333333,273,2024-09-19T13:21:28Z,2024-09-19T13:21:32.966667Z,inconnu
-0.0065346371571627,0.275036190888662,-0.0953643502855481,0.22315999390371,-0.382628579508931,0.954387154939159,1.33701573444809,1.62162162162162,1.81525402051476,0.0020574050469822,0.739079368114465,0.255877018934797,0.126666666666667,274,2024-09-19T13:21:33Z,2024-09-19T13:21:37.966667Z,escalier
0.0060413576397418,0.365049245375042,-0.164379063213316,0.300328582637857,-0.487898321043924,0.924778042225405,1.41267636326933,1.82432432432432,1.62919543471309,0.0009704307818712,0.86586471922996,0.131813732139373,0.12,275,2024-09-19T13:21:38Z,2024-09-19T13:21:42.966667Z,escalier
0.0142155171035984,0.389670245256474,-0.156830757870819,0.306046714367065,-0.512296268144205,0.980944637860102,1.49324090600431,1.82432432432432,1.27644892412975,0.0017779993517605,0.846379808370444,0.149577444842247,0.12,276,2024-09-19T13:21:43Z,2024-09-19T13:21:47.966667Z,escalier
0.0126554036658926,0.287108454764109,-0.0593621706623695,0.223269155960204,-0.398988726768952,0.978264926125139,1.37725365289409,1.62162162162162,2.83086820202486,0.0214286297980292,0.697214520117928,0.276573333969088,0.16,277,2024-09-19T13:21:48Z,2024-09-19T13:21:52.966667Z,inconnu
0.0052950037699048,0.250014251745899,-0.0220127491552408,0.259707746123712,-0.409262116095432,0.634717820147593,1.04397993624303,1.62162162162162,1.34579112090052,0.0003753636900162,0.861936264623242,0.126929318446629,0.14,278,2024-09-19T13:21:53Z,2024-09-19T13:21:57.966667Z,inconnu
0.0068770246014179,0.226260431574723,-0.0167330619129873,0.249579489447066,-0.355183497561644,0.558100968791097,0.913284466352741,1.62162162162162,1.40984287850529,0.0018340643108729,0.882172225007088,0.113949342109992,0.12,279,2024-09-19T13:21:58Z,2024-09-19T13:22:02.966667Z,inconnu
0.0033856889312938,0.267887012851134,-0.0644164908587769,0.242393637727644,-0.447835862211654,0.653406402323855,1.10124226453551,1.41891891891892,2.38151511073916,0.0043051672862257,0.701132735173088,0.290974224151213,0.113333333333333,280,2024-09-19T13:22:03Z,2024-09-19T13:22:07.966667Z,inconnu
-0.0036877357003866,0.307851875813532,-0.143857560349189,0.233799118007323,-0.405511166258853,0.746450796053936,1.15196196231279,1.62162162162162,1.81390958847675,0.0015182556100822,0.817792299428169,0.179458280213085,0.106666666666667,281,2024-09-19T13:22:08Z,2024-09-19T13:22:12.966667Z,escalier
-0.0032736137982215,0.313238253680801,-0.142916330492092,0.242157756890702,-0.437986650841861,0.707615389265108,1.14560204010697,1.62162162162162,1.49593390216661,0.0008413491431468,0.816208460451046,0.180147962000846,0.106666666666667,282,2024-09-19T13:22:13Z,2024-09-19T13:22:17.966667Z,escalier
0.0248477036787646,0.256035922026034,-0.0293134900001295,0.222235994428155,-0.386608360997762,0.780834007923366,1.16744236892113,1.62162162162162,2.29466978917062,0.0061408543356144,0.724209393138433,0.264952589179005,0.126666666666667,283,2024-09-19T13:22:18Z,2024-09-19T13:22:22.966667Z,inconnu
0.0079681106928029,0.244529048838068,-0.0296159436915472,0.277355045732587,-0.34392330032383,0.607415762887605,0.951339063211435,1.62162162162162,0.989213562070977,0.0012671538393327,0.859432365575433,0.13657869260762,0.133333333333333,284,2024-09-19T13:22:23Z,2024-09-19T13:22:27.966667Z,inconnu
-0.0025587783550662,0.229181177376919,-0.0338859279050638,0.228670929843633,-0.371479295887937,0.612658186624476,0.984137482512413,1.62162162162162,1.53837425352734,0.0041415840041069,0.842214408441436,0.150094036798962,0.133333333333333,285,2024-09-19T13:22:28Z,2024-09-19T13:22:32.966667Z,escalier
-0.0012048824057151,0.301651220304402,-0.0577314634183115,0.246183786096458,-0.533870647480138,1.00546849221231,1.53933913969245,1.62162162162162,2.22451630361007,0.0040344689738781,0.801651149144089,0.192515988308351,0.126666666666667,286,2024-09-19T13:22:33Z,2024-09-19T13:22:37.966667Z,escalier
0.0017433800777831,0.317143855735366,-0.142301562043332,0.226843484526235,-0.447364341746159,0.762912013457039,1.2102763552032,1.62162162162162,1.27955576955167,0.0002159929022286,0.831176791246429,0.16727775016804,0.106666666666667,287,2024-09-19T13:22:38Z,2024-09-19T13:22:42.966667Z,escalier
0.0057661193410207,0.33741128937096,-0.142016743815843,0.247755691848709,-0.528636516335089,0.855204063392114,1.3838405797272,1.62162162162162,1.59847371883218,0.0008050811372945,0.831867601646647,0.162509875636216,0.113333333333333,288,2024-09-19T13:22:43Z,2024-09-19T13:22:47.966667Z,escalier
0.0162138128873802,0.295302450111273,-0.0546651648989754,0.266502622911615,-0.435601076275751,0.947189330818931,1.38279040709468,1.62162162162162,1.73991161374188,0.0068935784932659,0.732223767057609,0.256821264651049,0.133333333333333,289,2024-09-19T13:22:48Z,2024-09-19T13:22:52.966667Z,escalier
0.0014699375007957,0.239989450875171,-0.0391103328652653,0.24372608347192,-0.403070926170589,0.584321746304208,0.987392672474797,1.62162162162162,1.27467893660879,0.0011688914267747,0.868070021721486,0.129941509694258,0.1,290,2024-09-19T13:22:53Z,2024-09-19T13:22:57.966667Z,escalier
0.0071931412391158,0.239318350659382,-0.0043354202033301,0.271744695903898,-0.391924886082265,0.661356600496098,1.05328148657836,1.62162162162162,1.78748866799139,0.0010357640908097,0.825882345204882,0.170768958796698,0.153333333333333,291,2024-09-19T13:22:58Z,2024-09-19T13:23:02.966667Z,marche
0.0006200136016751,0.212125424515114,-0.0269056026044774,0.212077288087456,-0.354505557165113,0.553428555429095,0.907934112594208,1.41891891891892,1.97411517893271,0.002333042246816,0.849257137177594,0.14705547150945,0.106666666666667,292,2024-09-19T13:23:03Z,2024-09-19T13:23:07.966667Z,inconnu
-0.0033846059116919,0.321712316767969,-0.0899792127657013,0.276057295959169,-0.496560175613507,1.07712772952528,1.57368790513879,1.62162162162162,1.92736790967291,0.0014427779810064,0.746266323693945,0.250195883910056,0.113333333333333,293,2024-09-19T13:23:08Z,2024-09-19T13:23:12.966667Z,escalier
-0.0004005589309485,0.293429340395627,-0.0882436949973,0.265915984539598,-0.451460394672153,0.735958120667892,1.18741851534005,1.62162162162162,1.50325802796522,0.0001408095322321,0.834058307499876,0.161533798554001,0.126666666666667,294,2024-09-19T13:23:13Z,2024-09-19T13:23:17.966667Z,escalier
0.0022879978666508,0.298552343935688,-0.125943271891442,0.224164432612545,-0.390842071725063,0.755014447367378,1.14585651909244,1.62162162162162,1.38889817861942,0.0001477730122642,0.793711000037683,0.202736081229784,0.106666666666667,295,2024-09-19T13:23:18Z,2024-09-19T13:23:22.966667Z,escalier
0.0177841049723984,0.230746357763917,-0.0100544360636884,0.19007011911278,-0.389239284273036,0.690116464494617,1.07935574876765,1.62162162162162,1.79488411745341,0.0057191876896348,0.763078145151046,0.225254132852595,0.12,296,2024-09-19T13:23:23Z,2024-09-19T13:23:27.966667Z,inconnu
0.0058215715818246,0.21925207763597,-0.0138722578264865,0.191477023797342,-0.367332041691916,0.649439322287396,1.01677136397931,1.62162162162162,1.58703373079567,0.0004898827022548,0.830952872238407,0.167662271838663,0.113333333333333,297,2024-09-19T13:23:28Z,2024-09-19T13:23:32.966667Z,inconnu
0.0100042046712728,0.228610144268948,0.0024537924787685,0.245616397124508,-0.344167459579557,0.596157473214984,0.940324932794541,1.62162162162162,1.66201814265019,0.0030914570154893,0.855991026230736,0.13926300655215,0.133333333333333,298,2024-09-19T13:23:33Z,2024-09-19T13:23:37.966667Z,marche
-0.0080336040277261,0.26733562776068,-0.0691830612342416,0.214950123583497,-0.3936912074746,0.740654320126025,1.13434552760063,1.41891891891892,2.37131525640223,0.0023079592659613,0.748623860608393,0.246559542288549,0.133333333333333,299,2024-09-19T13:23:38Z,2024-09-19T13:23:42.966667Z,escalier
0.0048037337939309,0.282107405836157,-0.0942823678098142,0.261154602644716,-0.461168938852492,0.667745254231576,1.12891419308407,1.62162162162162,1.7918698353479,0.0028345633431097,0.814193387004434,0.179197129434668,0.106666666666667,300,2024-09-19T13:23:43Z,2024-09-19T13:23:47.966667Z,escalier
0.0002798479684619,0.244431526639068,-0.107951839804911,0.172508213049822,-0.310651917673472,0.606860439979451,0.917512357652923,1.62162162162162,1.31257222709968,0.0002979375898633,0.780214940040251,0.21007054943534,0.1,301,2024-09-19T13:23:48Z,2024-09-19T13:23:52.966667Z,escalier
0.0109005490457762,0.25512469967773,-0.0476344583829888,0.212576077898371,-0.399218950071761,0.770063043749027,1.16928199382079,1.62162162162162,2.41500083161245,0.0158912778302713,0.657528333084015,0.318390788207231,0.126666666666667,302,2024-09-19T13:23:53Z,2024-09-19T13:23:57.966667Z,escalier
0.0020595033202987,0.226735424293969,-0.0378307826553255,0.227588374144543,-0.324834687282836,0.613251255460805,0.938085942743641,1.62162162162162,1.33916213159287,0.0003430242955718,0.843984064828205,0.153571621129101,0.106666666666667,303,2024-09-19T13:23:58Z,2024-09-19T13:24:02.966667Z,escalier
0.0033641427416434,0.249887496770279,-0.0272421577798514,0.241131003006107,-0.387525550445426,0.635003850019246,1.02252940046467,1.62162162162162,1.11673578291736,0.0001092297384075,0.865391024154385,0.13353001519766,0.113333333333333,304,2024-09-19T13:24:03Z,2024-09-19T13:24:07.966667Z,escalier
0.0017028924221405,0.228526157767717,-0.0321455166000524,0.166151205103636,-0.380533310121807,0.65156060505877,1.03209391518058,1.62162162162162,2.08075769368193,0.0054506354291332,0.781764525913443,0.210937782809281,0.146666666666667,305,2024-09-19T13:24:08Z,2024-09-19T13:24:12.966667Z,escalier
0.0019147497866329,0.320999711861515,-0.142198905140109,0.246908067986348,-0.4866021244852,0.793488635579114,1.28009076006431,1.82432432432432,1.88496429399223,0.0005062168931521,0.838767260098483,0.157237487616765,0.113333333333333,306,2024-09-19T13:24:13Z,2024-09-19T13:24:17.966667Z,escalier
0.0001362366077613,0.287731469290937,-0.102084007981075,0.279186245167855,-0.47755247661098,0.660629437409643,1.13818191402062,1.62162162162162,1.9972394721442,0.0004904990876334,0.832322734830857,0.162367247002146,0.113333333333333,307,2024-09-19T13:24:18Z,2024-09-19T13:24:22.966667Z,escalier
0.0126903242719514,0.341529058813861,-0.0948105068808083,0.239112993394077,-0.485371037492543,1.39919309275064,1.88456413024318,1.62162162162162,2.13952576421661,0.0012122296089824,0.654269336183427,0.342867006713861,0.133333333333333,308,2024-09-19T13:24:23Z,2024-09-19T13:24:27.966667Z,escalier
-0.0079434243960414,0.0039109382769412,-0.0083917289439464,0.0033043665450497,-0.0200228917196572,0.0034418406559624,0.0234647323756196,6.08108108108108,3.50362643367914,0.0281967738430551,0.348388643026963,0.606590388476282,0.366666666666667,309,2024-09-19T13:24:28Z,2024-09-19T13:24:32.966667Z,immobile
-0.0074021523775241,0.0034550835030524,-0.0075311603476521,0.0032472562681698,-0.0163583263611148,0.0028706357070948,0.0192289620682097,2.02702702702703,3.26920928198285,0.0355980105189634,0.231914306706947,0.663959995444597,0.333333333333333,310,2024-09-19T13:24:33Z,2024-09-19T13:24:37.966667Z,immobile
-0.007463367679707,0.0040629615639262,-0.0079061329219526,0.00311795828619,-0.0168577769263557,0.002656068533754,0.0195138454601097,4.05405405405405,2.98512250037283,0.0210531599789696,0.173549888364906,0.767579892508394,0.286666666666667,311,2024-09-19T13:24:38Z,2024-09-19T13:24:42.966667Z,immobile
-0.0079187313974007,0.0037767985473578,-0.0076534833030984,0.003434875022099,-0.0215511209666791,0.0028863773958862,0.0244374983625654,4.05405405405405,3.15040090947954,0.0072753197871424,0.150414947430449,0.830662976546515,0.36,312,2024-09-19T13:24:43Z,2024-09-19T13:24:47.966667Z,immobile
-0.0083285030202702,0.003053017820889,-0.0086290714004392,0.0028116519187762,-0.0154143973031724,0.0016661676819496,0.017080564985122,2.02702702702703,3.15917659303801,0.102749346487568,0.256912545935234,0.597884413839423,0.266666666666667,313,2024-09-19T13:24:48Z,2024-09-19T13:24:52.966667Z,immobile
-0.0082260890948395,0.0029102817033069,-0.0083960186987125,0.0031474674533435,-0.0138604232873581,0.0014750722282299,0.0153354955155881,6.08108108108108,3.44096620571113,0.0449970739506366,0.208722806392137,0.728562587604378,0.346666666666667,314,2024-09-19T13:24:53Z,2024-09-19T13:24:57.966667Z,immobile
-0.0115983339200279,0.161448029340711,-0.0096256386475909,0.0229465634302344,-0.813240476280835,0.651429984389337,1.46467046067017,1.21621621621622,3.25629947042808,0.0150339521291391,0.57095438412012,0.397344950245991,0.233333333333333,315,2024-09-19T13:24:58Z,2024-09-19T13:25:02.966667Z,marche
0.17436257774955,0.490860844508523,0.100963125595192,0.535734212598595,-0.750859484410637,1.51513621106228,2.26599569547292,1.01351351351351,3.12579691023479,0.0427692174888746,0.586717512411594,0.365425639699119,0.173333333333333,316,2024-09-19T13:25:03Z,2024-09-19T13:25:07.966667Z,inconnu
0.0769383657472736,0.288170745953523,0.02631686165366,0.295576558715865,-0.46048274691258,0.871835499136089,1.33231824604867,1.82432432432432,2.66151259577102,0.0504258574638982,0.690548621983193,0.257205656434746,0.146666666666667,317,2024-09-19T13:25:08Z,2024-09-19T13:25:12.966667Z,inconnu
0.0721586823310302,0.251609864816063,0.0369918370208377,0.21797403602877,-0.4749581323765,0.84493184599611,1.31988997837261,5.47297297297297,3.48647225954974,0.0227627712000048,0.349873469236918,0.5842317708562,0.246666666666667,318,2024-09-19T13:25:13Z,2024-09-19T13:25:17.966667Z,inconnu
0.195477364881216,0.430977997514863,0.107135009335292,0.409386424035306,-0.543311724514712,1.31240497572877,1.85571670024348,1.62162162162162,2.66357284571119,0.132388020381746,0.59258520607822,0.271567648667506,0.186666666666667,319,2024-09-19T13:25:18Z,2024-09-19T13:25:22.966667Z,inconnu
0.046389189995645,0.406349976308426,-0.0176313647530981,0.407925947797592,-0.6382205565104,1.72297105513237,2.36119161164277,1.82432432432432,2.41488355462637,0.0233477377528729,0.656900587085717,0.318114008296193,0.153333333333333,320,2024-09-19T13:25:23Z,2024-09-19T13:25:27.966667Z,marche
0.0897421138036475,0.486386198986663,0.0660046921898104,0.405717407261791,-0.859193185959347,1.90582377727914,2.76501696323849,1.21621621621622,2.94554938690655,0.0227982706664222,0.781881231732338,0.191820770224082,0.173333333333333,321,2024-09-19T13:25:28Z,2024-09-19T13:25:32.966667Z,marche
0.100145389405769,0.309045874047463,0.0880408602948454,0.331931926793177,-0.584428942593154,0.904847996344128,1.48927693893728,1.82432432432432,2.57053200901378,0.0400287538730584,0.795535646990875,0.142441737626017,0.146666666666667,322,2024-09-19T13:25:33Z,2024-09-19T13:25:37.966667Z,marche
0.0829613195968549,0.268297358315121,0.0771334523775525,0.320777790473956,-0.373833528943815,0.804813289135647,1.17864681807946,1.62162162162162,2.91440432707074,0.0690224746644233,0.6620837961098,0.262948380760882,0.18,323,2024-09-19T13:25:38Z,2024-09-19T13:25:42.966667Z,inconnu
0.0256637885885237,0.290725935907247,0.0432657412499962,0.363133430777986,-0.513918889192205,0.687594404714802,1.20151329390701,1.82432432432432,2.13101093413961,0.0423871203626443,0.751930203679974,0.198486920907892,0.14,324,2024-09-19T13:25:43Z,2024-09-19T13:25:47.966667Z,marche
0.0398956607062136,0.257187635021784,0.0128081110173549,0.137888863424568,-0.655818779757494,1.03884673179213,1.69466551154962,2.02702702702703,2.47200302137226,0.0056510455038664,0.812222824913466,0.178245578563915,0.173333333333333,325,2024-09-19T13:25:48Z,2024-09-19T13:25:52.966667Z,marche
0.0054081329626533,0.198893953195892,-0.0066687697804587,0.16846609892603,-0.478328122807725,0.761730011655239,1.24005813446296,1.41891891891892,2.86478844132059,0.0251195869263471,0.703385620400124,0.247060686858558,0.166666666666667,326,2024-09-19T13:25:53Z,2024-09-19T13:25:57.966667Z,marche
0.0257550735240053,0.233471094846304,-0.0053547519060697,0.162021410640701,-0.488769072655227,0.925473718342651,1.41424279099788,1.41891891891892,3.10732809709856,0.0301389396295271,0.681389839060846,0.269771468460439,0.18,327,2024-09-19T13:25:58Z,2024-09-19T13:26:02.966667Z,marche
